Date (UTC);Timestamp (UTC);$130k;$120k;$110k;$105k;$100k;$90k;$85k
12-02-2024 17:00;1733158803;0.085;0.12;0.155;0.43;0.695;0.475;0.445
12-02-2024 18:00;1733162402;0.085;0.145;0.28;0.435;0.66;0.66;0.39
12-02-2024 19:00;1733166003;0.095;0.145;0.29;0.435;0.685;0.575;0.345
12-02-2024 20:00;1733169603;0.075;0.145;0.29;0.425;0.67;0.545;0.365
12-02-2024 21:00;1733173203;0.085;0.165;0.305;0.48;0.7;0.555;0.335
12-02-2024 22:00;1733176803;0.095;0.145;0.295;0.46;0.675;0.575;0.345
12-02-2024 23:00;1733180404;0.08;0.145;0.335;0.46;0.665;0.56;0.31
12-03-2024 00:00;1733184003;0.065;0.115;0.235;0.385;0.68;0.545;0.285
12-03-2024 01:00;1733187603;0.065;0.1;0.235;0.395;0.685;0.585;0.29
12-03-2024 02:00;1733191203;0.065;0.1;0.235;0.35;0.695;0.59;0.295
12-03-2024 03:00;1733194803;0.065;0.105;0.265;0.37;0.71;0.56;0.305
12-03-2024 04:00;1733198403;0.075;0.085;0.245;0.37;0.705;0.56;0.285
12-03-2024 05:00;1733202003;0.075;0.105;0.255;0.41;0.685;0.565;0.29
12-03-2024 06:00;1733205603;0.075;0.11;0.255;0.405;0.69;0.56;0.29
12-03-2024 07:00;1733209203;0.075;0.11;0.245;0.375;0.68;0.585;0.29
12-03-2024 08:00;1733212803;0.075;0.105;0.255;0.385;0.685;0.585;0.29
12-03-2024 09:00;1733216403;0.085;0.12;0.265;0.39;0.69;0.58;0.295
12-03-2024 10:00;1733220003;0.075;0.105;0.25;0.395;0.685;0.58;0.29
12-03-2024 11:00;1733223603;0.065;0.105;0.235;0.385;0.655;0.575;0.31
12-03-2024 12:00;1733227203;0.065;0.105;0.24;0.395;0.63;0.575;0.315
12-03-2024 13:00;1733230803;0.065;0.105;0.225;0.395;0.625;0.585;0.31
12-03-2024 14:00;1733234403;0.065;0.105;0.19;0.355;0.57;0.655;0.315
12-03-2024 15:00;1733238003;0.07;0.105;0.26;0.375;0.65;0.595;0.315
12-03-2024 16:00;1733241604;0.065;0.115;0.275;0.405;0.685;0.58;0.295
12-03-2024 17:00;1733245203;0.065;0.115;0.25;0.37;0.625;0.595;0.305
12-03-2024 18:00;1733248804;0.065;0.105;0.245;0.375;0.67;0.575;0.3
12-03-2024 19:00;1733252403;0.07;0.095;0.215;0.345;0.66;0.585;0.31
12-03-2024 20:00;1733256004;0.075;0.1;0.215;0.35;0.635;0.59;0.32
12-03-2024 21:00;1733259603;0.075;0.1;0.22;0.32;0.655;0.555;0.31
12-03-2024 22:00;1733263203;0.075;0.09;0.225;0.32;0.67;0.545;0.31
12-03-2024 23:00;1733266803;0.075;0.09;0.225;0.31;0.685;0.54;0.305
12-04-2024 00:00;1733270403;0.075;0.09;0.22;0.345;0.675;0.545;0.31
12-04-2024 01:00;1733274003;0.065;0.09;0.22;0.36;0.665;0.535;0.305
12-04-2024 02:00;1733277603;0.065;0.11;0.225;0.365;0.675;0.525;0.29
12-04-2024 03:00;1733281203;0.065;0.1;0.215;0.36;0.655;0.55;0.295
12-04-2024 04:00;1733284803;0.065;0.085;0.215;0.365;0.67;0.555;0.295
12-04-2024 05:00;1733288403;0.065;0.085;0.22;0.36;0.67;0.55;0.295
12-04-2024 06:00;1733292003;0.065;0.105;0.22;0.345;0.68;0.52;0.29
12-04-2024 07:00;1733295603;0.065;0.105;0.23;0.355;0.695;0.52;0.29
12-04-2024 08:00;1733299203;0.065;0.105;0.23;0.35;0.685;0.515;0.285
12-04-2024 09:00;1733302803;0.065;0.105;0.23;0.41;0.695;0.52;0.285
12-04-2024 10:00;1733306403;0.065;0.105;0.235;0.39;0.705;0.515;0.27
12-04-2024 11:00;1733310003;0.065;0.105;0.235;0.385;0.7;0.52;0.275
12-04-2024 12:00;1733313603;0.065;0.105;0.225;0.37;0.695;0.53;0.27
12-04-2024 13:00;1733317203;0.065;0.105;0.24;0.375;0.67;0.535;0.275
12-04-2024 14:00;1733320803;0.06;0.105;0.19;0.335;0.675;0.54;0.275
12-04-2024 15:00;1733324403;0.06;0.095;0.215;0.335;0.675;0.54;0.275
12-04-2024 16:00;1733328003;0.06;0.09;0.21;0.33;0.675;0.53;0.275
12-04-2024 17:00;1733331603;0.065;0.095;0.235;0.33;0.645;0.565;0.275
12-04-2024 18:00;1733335203;0.065;0.095;0.225;0.325;0.66;0.555;0.275
12-04-2024 19:00;1733338803;0.065;0.095;0.255;0.335;0.675;0.545;0.275
12-04-2024 20:00;1733342403;0.06;0.095;0.265;0.37;0.695;0.515;0.27
12-04-2024 21:00;1733346003;0.065;0.14;0.345;0.425;0.785;0.455;0.285
12-04-2024 22:00;1733349603;0.06;0.12;0.255;0.375;0.735;0.465;0.215
12-04-2024 23:00;1733353203;0.065;0.13;0.265;0.405;0.735;0.44;0.23
12-05-2024 00:00;1733356803;0.065;0.14;0.275;0.46;0.775;0.41;0.205
12-05-2024 01:00;1733360403;0.065;0.14;0.3;0.475;0.745;0.435;0.2
12-05-2024 02:00;1733364003;0.06;0.14;0.295;0.395;0.725;0.43;0.205
12-05-2024 03:00;1733367603;0.085;0.26;0.515;0.79;0.9995;0.345;0.125
12-05-2024 04:00;1733371203;0.155;0.295;0.615;0.835;0.9995;0.315;0.125
12-05-2024 05:00;1733374803;0.165;0.29;0.61;0.87;1.0;0.285;0.1
12-05-2024 06:00;1733378403;0.14;0.29;0.595;0.83;1.0;0.295;0.115
12-05-2024 07:00;1733382003;0.145;0.295;0.61;0.825;1.0;0.3;0.135
12-05-2024 08:00;1733385603;0.185;0.31;0.625;0.845;1.0;0.325;0.135
12-05-2024 09:00;1733389203;0.195;0.325;0.655;0.85;1.0;0.285;0.155
12-05-2024 10:00;1733392803;0.175;0.315;0.665;0.855;1.0;0.285;0.155
12-05-2024 11:00;1733396403;0.17;0.305;0.68;0.84;1.0;0.295;0.155
12-05-2024 12:00;1733400003;0.195;0.315;0.67;0.855;1.0;0.295;0.15
12-05-2024 13:00;1733403603;0.165;0.325;0.645;0.86;1.0;0.295;0.155
12-05-2024 14:00;1733407203;0.165;0.33;0.635;0.845;1.0;0.285;0.155
12-05-2024 15:00;1733410803;0.2;0.33;0.66;0.875;1.0;0.285;0.145
12-05-2024 16:00;1733414403;0.165;0.295;0.625;0.825;1.0;0.325;0.145
12-05-2024 17:00;1733418003;0.17;0.3;0.61;0.83;1.0;0.36;0.18
12-05-2024 18:00;1733421603;0.17;0.305;0.625;0.85;1.0;0.36;0.165
12-05-2024 19:00;1733425203;0.18;0.305;0.585;0.795;1.0;0.375;0.175
12-05-2024 20:00;1733428803;0.14;0.25;0.545;0.755;1.0;0.415;0.19
12-05-2024 21:00;1733432403;0.105;0.215;0.575;0.74;1.0;0.395;0.215
12-05-2024 22:00;1733436003;0.15;0.24;0.565;0.765;1.0;0.395;0.22
12-05-2024 23:00;1733439603;0.14;0.25;0.52;0.72;1.0;0.525;0.265
12-06-2024 00:00;1733443203;0.135;0.24;0.515;0.68;1.0;0.46;0.235
12-06-2024 01:00;1733446803;0.15;0.21;0.54;0.7;1.0;0.445;0.245
12-06-2024 02:00;1733450403;0.145;0.26;0.545;0.7;1.0;0.445;0.26
12-06-2024 03:00;1733454003;0.135;0.25;0.515;0.685;1.0;0.455;0.26
12-06-2024 04:00;1733457603;0.125;0.24;0.49;0.685;1.0;0.51;0.275
12-06-2024 05:00;1733461203;0.125;0.245;0.505;0.695;1.0;0.48;0.27
12-06-2024 06:00;1733464803;0.135;0.245;0.505;0.665;1.0;0.465;0.26
12-06-2024 07:00;1733468403;0.14;0.245;0.515;0.7;1.0;0.455;0.235
12-06-2024 08:00;1733472003;0.14;0.245;0.5;0.685;1.0;0.45;0.225
12-06-2024 09:00;1733475603;0.13;0.245;0.53;0.7;1.0;0.445;0.235
12-06-2024 10:00;1733479203;0.13;0.255;0.53;0.715;1.0;0.445;0.24
12-06-2024 11:00;1733482803;0.125;0.245;0.53;0.72;1.0;0.47;0.245
12-06-2024 12:00;1733486403;0.135;0.24;0.515;0.7;1.0;0.485;0.24
12-06-2024 13:00;1733490003;0.12;0.245;0.51;0.705;1.0;0.485;0.235
12-06-2024 14:00;1733493603;0.13;0.27;0.555;0.72;1.0;0.435;0.235
12-06-2024 15:00;1733497203;0.15;0.255;0.575;0.735;1.0;0.41;0.235
12-06-2024 16:00;1733500803;0.145;0.285;0.575;0.725;1.0;0.41;0.235
12-06-2024 17:00;1733504403;0.14;0.285;0.57;0.705;1.0;0.395;0.235
12-06-2024 18:00;1733508003;0.175;0.3;0.575;0.81;1.0;0.35;0.21
12-06-2024 19:00;1733511603;0.16;0.26;0.595;0.81;1.0;0.345;0.215
12-06-2024 20:00;1733515203;0.16;0.285;0.62;0.825;1.0;0.335;0.215
12-06-2024 21:00;1733518803;0.155;0.28;0.61;0.825;1.0;0.345;0.215
12-06-2024 22:00;1733522403;0.145;0.295;0.58;0.795;1.0;0.345;0.215
12-06-2024 23:00;1733526003;0.155;0.275;0.58;0.785;1.0;0.34;0.215
12-07-2024 00:00;1733529603;0.165;0.28;0.55;0.745;1.0;0.4;0.235
12-07-2024 01:00;1733533203;0.155;0.27;0.555;0.775;1.0;0.38;0.235
12-07-2024 02:00;1733536803;0.155;0.28;0.545;0.765;1.0;0.38;0.225
12-07-2024 03:00;1733540403;0.155;0.275;0.545;0.755;1.0;0.375;0.22
12-07-2024 04:00;1733544003;0.15;0.265;0.535;0.755;1.0;0.4;0.23
12-07-2024 05:00;1733547603;0.14;0.265;0.535;0.755;1.0;0.385;0.23
12-07-2024 06:00;1733551203;0.145;0.255;0.53;0.745;1.0;0.405;0.23
12-07-2024 07:00;1733554803;0.145;0.245;0.53;0.745;1.0;0.4;0.23
12-07-2024 08:00;1733558403;0.135;0.245;0.54;0.745;1.0;0.41;0.23
12-07-2024 09:00;1733562003;0.145;0.25;0.54;0.745;1.0;0.405;0.225
12-07-2024 10:00;1733565603;0.145;0.255;0.555;0.755;1.0;0.395;0.23
12-07-2024 11:00;1733569203;0.145;0.255;0.555;0.755;1.0;0.395;0.23
12-07-2024 12:00;1733572802;0.145;0.255;0.55;0.755;1.0;0.395;0.225
12-07-2024 13:00;1733576403;0.145;0.245;0.545;0.74;1.0;0.4;0.22
12-07-2024 14:00;1733580003;0.145;0.245;0.545;0.755;1.0;0.4;0.22
12-07-2024 15:00;1733583603;0.135;0.245;0.545;0.755;1.0;0.395;0.235
12-07-2024 16:00;1733587203;0.135;0.245;0.545;0.765;1.0;0.385;0.235
12-07-2024 17:00;1733590802;0.13;0.235;0.54;0.765;1.0;0.385;0.225
12-07-2024 18:00;1733594403;0.135;0.245;0.545;0.765;1.0;0.385;0.225
12-07-2024 19:00;1733598003;0.135;0.245;0.55;0.765;1.0;0.365;0.215
12-07-2024 20:00;1733601603;0.135;0.25;0.555;0.785;1.0;0.37;0.225
12-07-2024 21:00;1733605203;0.135;0.255;0.545;0.775;1.0;0.37;0.225
12-07-2024 22:00;1733608803;0.13;0.26;0.54;0.765;1.0;0.375;0.225
12-07-2024 23:00;1733612403;0.13;0.26;0.545;0.765;1.0;0.38;0.23
12-08-2024 00:00;1733616003;0.13;0.255;0.545;0.775;1.0;0.38;0.225
12-08-2024 01:00;1733619603;0.13;0.255;0.54;0.775;1.0;0.38;0.22
12-08-2024 02:00;1733623203;0.135;0.25;0.545;0.78;1.0;0.38;0.215
12-08-2024 03:00;1733626803;0.125;0.255;0.535;0.785;1.0;0.375;0.205
12-08-2024 04:00;1733630403;0.13;0.255;0.545;0.775;1.0;0.375;0.205
12-08-2024 05:00;1733634003;0.13;0.255;0.545;0.775;1.0;0.395;0.205
12-08-2024 06:00;1733637603;0.13;0.245;0.545;0.775;1.0;0.41;0.205
12-08-2024 07:00;1733641203;0.13;0.245;0.54;0.77;1.0;0.41;0.235
12-08-2024 08:00;1733644803;0.13;0.245;0.545;0.77;1.0;0.4;0.225
12-08-2024 09:00;1733648403;0.12;0.25;0.515;0.745;1.0;0.41;0.23
12-08-2024 10:00;1733652003;0.12;0.235;0.52;0.745;1.0;0.42;0.225
12-08-2024 11:00;1733655603;0.125;0.245;0.505;0.745;1.0;0.415;0.225
12-08-2024 12:00;1733659203;0.13;0.265;0.525;0.745;1.0;0.4;0.21
12-08-2024 13:00;1733662803;0.115;0.265;0.53;0.745;1.0;0.38;0.205
12-08-2024 14:00;1733666404;0.135;0.265;0.54;0.775;1.0;0.355;0.2
12-08-2024 15:00;1733670003;0.125;0.255;0.53;0.76;1.0;0.365;0.205
12-08-2024 16:00;1733673603;0.125;0.255;0.51;0.76;1.0;0.365;0.195
12-08-2024 17:00;1733677202;0.125;0.26;0.525;0.755;1.0;0.37;0.21
12-08-2024 18:00;1733680803;0.125;0.26;0.54;0.775;1.0;0.37;0.21
12-08-2024 19:00;1733684403;0.125;0.26;0.535;0.775;1.0;0.375;0.21
12-08-2024 20:00;1733688003;0.13;0.26;0.535;0.795;1.0;0.365;0.215
12-08-2024 21:00;1733691603;0.12;0.255;0.525;0.785;1.0;0.375;0.21
12-08-2024 22:00;1733695203;0.125;0.255;0.535;0.77;1.0;0.365;0.2
12-08-2024 23:00;1733698803;0.125;0.265;0.5;0.78;1.0;0.36;0.2
12-09-2024 00:00;1733702402;0.135;0.245;0.54;0.81;1.0;0.34;0.18
12-09-2024 01:00;1733706003;0.125;0.245;0.505;0.76;1.0;0.395;0.21
12-09-2024 02:00;1733709603;0.125;0.23;0.515;0.755;1.0;0.405;0.19
12-09-2024 03:00;1733713203;0.125;0.23;0.505;0.75;1.0;0.41;0.205
12-09-2024 04:00;1733716802;0.125;0.215;0.49;0.735;1.0;0.425;0.21
12-09-2024 05:00;1733720402;0.125;0.215;0.5;0.72;1.0;0.415;0.21
12-09-2024 06:00;1733724003;0.115;0.225;0.495;0.74;1.0;0.4;0.21
12-09-2024 07:00;1733727603;0.115;0.215;0.49;0.725;1.0;0.415;0.21
12-09-2024 08:00;1733731203;0.115;0.225;0.5;0.745;1.0;0.395;0.215
12-09-2024 09:00;1733734802;0.11;0.215;0.485;0.725;1.0;0.395;0.225
12-09-2024 10:00;1733738403;0.11;0.235;0.485;0.705;1.0;0.43;0.235
12-09-2024 11:00;1733742003;0.12;0.22;0.495;0.72;1.0;0.425;0.225
12-09-2024 12:00;1733745603;0.115;0.23;0.45;0.705;1.0;0.435;0.235
12-09-2024 13:00;1733749203;0.085;0.215;0.445;0.695;1.0;0.43;0.24
12-09-2024 14:00;1733752803;0.095;0.225;0.465;0.71;1.0;0.415;0.24
12-09-2024 15:00;1733756402;0.095;0.235;0.545;0.735;1.0;0.385;0.205
12-09-2024 16:00;1733760003;0.09;0.19;0.44;0.665;1.0;0.455;0.255
12-09-2024 17:00;1733763603;0.095;0.175;0.43;0.655;1.0;0.435;0.245
12-09-2024 18:00;1733767203;0.085;0.155;0.41;0.63;1.0;0.445;0.245
12-09-2024 19:00;1733770803;0.085;0.205;0.415;0.66;1.0;0.435;0.255
12-09-2024 20:00;1733774402;0.085;0.205;0.42;0.63;1.0;0.48;0.28
12-09-2024 21:00;1733778003;0.075;0.17;0.405;0.61;1.0;0.495;0.3
12-09-2024 22:00;1733781603;0.09;0.185;0.435;0.635;1.0;0.465;0.255
12-09-2024 23:00;1733785203;0.09;0.15;0.425;0.615;1.0;0.49;0.25
12-10-2024 00:00;1733788803;0.095;0.165;0.435;0.615;1.0;0.475;0.23
12-10-2024 01:00;1733792403;0.1;0.195;0.435;0.63;1.0;0.44;0.21
12-10-2024 02:00;1733796003;0.105;0.18;0.44;0.64;1.0;0.435;0.205
12-10-2024 03:00;1733799603;0.095;0.18;0.42;0.61;1.0;0.46;0.245
12-10-2024 04:00;1733803203;0.09;0.185;0.42;0.625;1.0;0.485;0.245
12-10-2024 05:00;1733806803;0.095;0.175;0.425;0.625;1.0;0.48;0.24
12-10-2024 06:00;1733810403;0.085;0.175;0.425;0.615;1.0;0.47;0.235
12-10-2024 07:00;1733814003;0.095;0.185;0.435;0.615;1.0;0.465;0.22
12-10-2024 08:00;1733817603;0.105;0.185;0.41;0.605;1.0;0.47;0.22
12-10-2024 09:00;1733821203;0.105;0.195;0.415;0.605;1.0;0.455;0.225
12-10-2024 10:00;1733824803;0.11;0.205;0.435;0.635;1.0;0.445;0.225
12-10-2024 11:00;1733828403;0.095;0.2;0.45;0.64;1.0;0.425;0.26
12-10-2024 12:00;1733832003;0.095;0.2;0.44;0.635;1.0;0.45;0.255
12-10-2024 13:00;1733835603;0.1;0.195;0.395;0.61;1.0;0.475;0.26
12-10-2024 14:00;1733839203;0.095;0.195;0.42;0.625;1.0;0.44;0.23
12-10-2024 15:00;1733842803;0.095;0.195;0.415;0.63;1.0;0.425;0.225
12-10-2024 16:00;1733846403;0.085;0.16;0.345;0.54;1.0;0.5;0.265
12-10-2024 17:00;1733850003;0.075;0.135;0.385;0.545;1.0;0.525;0.275
12-10-2024 18:00;1733853603;0.075;0.145;0.345;0.5;1.0;0.575;0.315
12-10-2024 19:00;1733857203;0.08;0.18;0.345;0.515;1.0;0.56;0.31
12-10-2024 20:00;1733860803;0.08;0.165;0.365;0.53;1.0;0.535;0.275
12-10-2024 21:00;1733864403;0.075;0.17;0.385;0.555;1.0;0.525;0.265
12-10-2024 22:00;1733868003;0.085;0.165;0.385;0.58;1.0;0.505;0.265
12-10-2024 23:00;1733871603;0.08;0.165;0.37;0.59;1.0;0.505;0.27
12-11-2024 00:00;1733875203;0.085;0.17;0.385;0.565;1.0;0.505;0.27
12-11-2024 01:00;1733878803;0.085;0.165;0.375;0.56;1.0;0.51;0.27
12-11-2024 02:00;1733882403;0.085;0.165;0.37;0.545;1.0;0.515;0.275
12-11-2024 03:00;1733886003;0.09;0.17;0.395;0.605;1.0;0.5;0.27
12-11-2024 04:00;1733889603;0.095;0.17;0.435;0.6;1.0;0.475;0.265
12-11-2024 05:00;1733893202;0.085;0.165;0.41;0.605;1.0;0.485;0.25
12-11-2024 06:00;1733896803;0.095;0.17;0.4;0.6;1.0;0.495;0.24
12-11-2024 07:00;1733900403;0.09;0.175;0.415;0.605;1.0;0.48;0.23
12-11-2024 08:00;1733904003;0.09;0.17;0.39;0.59;1.0;0.485;0.235
12-11-2024 09:00;1733907603;0.085;0.185;0.41;0.635;1.0;0.445;0.23
12-11-2024 10:00;1733911203;0.085;0.18;0.41;0.625;1.0;0.47;0.23
12-11-2024 11:00;1733914803;0.09;0.175;0.41;0.625;1.0;0.465;0.225
12-11-2024 12:00;1733918403;0.09;0.185;0.415;0.645;1.0;0.45;0.215
12-11-2024 13:00;1733922003;0.095;0.175;0.42;0.65;1.0;0.44;0.22
12-11-2024 14:00;1733925603;0.09;0.195;0.415;0.655;1.0;0.43;0.21
12-11-2024 15:00;1733929203;0.1;0.205;0.435;0.69;1.0;0.385;0.195
12-11-2024 16:00;1733932803;0.13;0.205;0.445;0.715;1.0;0.36;0.185
12-11-2024 17:00;1733936402;0.105;0.205;0.45;0.765;1.0;0.345;0.175
12-11-2024 18:00;1733940003;0.12;0.165;0.415;0.71;1.0;0.385;0.17
12-11-2024 19:00;1733943603;0.115;0.19;0.45;0.74;1.0;0.345;0.165
12-11-2024 20:00;1733947203;0.115;0.195;0.48;0.755;1.0;0.315;0.155
12-11-2024 21:00;1733950803;0.115;0.195;0.515;0.77;1.0;0.3;0.145
12-11-2024 22:00;1733954403;0.12;0.195;0.515;0.775;1.0;0.295;0.165
12-11-2024 23:00;1733958003;0.125;0.205;0.565;0.795;1.0;0.315;0.17
12-12-2024 00:00;1733961603;0.125;0.195;0.595;0.79;1.0;0.32;0.175
12-12-2024 01:00;1733965203;0.12;0.2;0.555;0.77;1.0;0.33;0.18
12-12-2024 02:00;1733968803;0.115;0.195;0.545;0.765;1.0;0.33;0.18
12-12-2024 03:00;1733972403;0.115;0.205;0.61;0.805;1.0;0.285;0.165
12-12-2024 04:00;1733976003;0.11;0.195;0.575;0.77;1.0;0.32;0.18
12-12-2024 05:00;1733979603;0.105;0.195;0.575;0.76;1.0;0.305;0.18
12-12-2024 06:00;1733983203;0.105;0.195;0.565;0.775;1.0;0.325;0.185
12-12-2024 07:00;1733986803;0.11;0.205;0.545;0.77;1.0;0.325;0.185
12-12-2024 08:00;1733990403;0.1;0.205;0.545;0.765;1.0;0.325;0.185
12-12-2024 09:00;1733994003;0.115;0.205;0.545;0.765;1.0;0.315;0.17
12-12-2024 10:00;1733997603;0.1;0.2;0.55;0.765;1.0;0.32;0.165
12-12-2024 11:00;1734001203;0.105;0.205;0.555;0.755;1.0;0.325;0.175
12-12-2024 12:00;1734004803;0.095;0.195;0.545;0.73;1.0;0.325;0.17
12-12-2024 13:00;1734008403;0.095;0.195;0.545;0.78;1.0;0.32;0.17
12-12-2024 14:00;1734012003;0.105;0.2;0.56;0.79;1.0;0.31;0.175
12-12-2024 15:00;1734015603;0.105;0.215;0.585;0.815;1.0;0.3;0.175
12-12-2024 16:00;1734019203;0.1;0.215;0.585;0.805;1.0;0.295;0.165
12-12-2024 17:00;1734022804;0.105;0.21;0.595;0.805;1.0;0.295;0.165
12-12-2024 18:00;1734026403;0.105;0.2;0.575;0.795;1.0;0.305;0.175
12-12-2024 19:00;1734030004;0.105;0.19;0.54;0.755;1.0;0.285;0.17
12-12-2024 20:00;1734033602;0.095;0.165;0.465;0.695;1.0;0.36;0.195
12-12-2024 21:00;1734037203;0.09;0.175;0.485;0.725;1.0;0.345;0.19
12-12-2024 22:00;1734040803;0.085;0.165;0.475;0.71;1.0;0.38;0.205
12-12-2024 23:00;1734044403;0.09;0.18;0.485;0.755;1.0;0.36;0.19
12-13-2024 00:00;1734048003;0.095;0.17;0.495;0.725;1.0;0.345;0.195
12-13-2024 01:00;1734051603;0.095;0.17;0.515;0.735;1.0;0.335;0.185
12-13-2024 02:00;1734055204;0.09;0.165;0.475;0.695;1.0;0.39;0.2
12-13-2024 03:00;1734058803;0.09;0.165;0.47;0.705;1.0;0.385;0.2
12-13-2024 04:00;1734062403;0.095;0.165;0.48;0.695;1.0;0.385;0.19
12-13-2024 05:00;1734066003;0.1;0.165;0.49;0.705;1.0;0.355;0.19
12-13-2024 06:00;1734069603;0.09;0.165;0.47;0.7;1.0;0.355;0.19
12-13-2024 07:00;1734073203;0.085;0.155;0.47;0.705;1.0;0.35;0.19
12-13-2024 08:00;1734076803;0.09;0.16;0.485;0.705;1.0;0.325;0.19
12-13-2024 09:00;1734080403;0.085;0.16;0.475;0.705;1.0;0.315;0.185
12-13-2024 10:00;1734084003;0.08;0.15;0.455;0.715;1.0;0.32;0.18
12-13-2024 11:00;1734087603;0.075;0.155;0.465;0.705;1.0;0.335;0.18
12-13-2024 12:00;1734091203;0.085;0.16;0.465;0.725;1.0;0.325;0.175
12-13-2024 13:00;1734094802;0.085;0.155;0.45;0.725;1.0;0.33;0.175
12-13-2024 14:00;1734098403;0.085;0.155;0.455;0.725;1.0;0.325;0.175
12-13-2024 15:00;1734102003;0.085;0.16;0.485;0.735;1.0;0.315;0.165
12-13-2024 16:00;1734105603;0.065;0.155;0.46;0.69;1.0;0.35;0.18
12-13-2024 17:00;1734109203;0.07;0.18;0.465;0.725;1.0;0.32;0.155
12-13-2024 18:00;1734112803;0.085;0.185;0.495;0.755;1.0;0.295;0.155
12-13-2024 19:00;1734116403;0.085;0.175;0.5;0.755;1.0;0.305;0.15
12-13-2024 20:00;1734120003;0.09;0.175;0.48;0.74;1.0;0.305;0.145
12-13-2024 21:00;1734123603;0.085;0.18;0.49;0.765;1.0;0.305;0.145
12-13-2024 22:00;1734127203;0.085;0.18;0.5;0.755;1.0;0.305;0.155
12-13-2024 23:00;1734130803;0.085;0.175;0.505;0.745;1.0;0.32;0.155
12-14-2024 00:00;1734134403;0.085;0.175;0.48;0.745;1.0;0.29;0.145
12-14-2024 01:00;1734138003;0.085;0.175;0.48;0.735;1.0;0.31;0.145
12-14-2024 02:00;1734141603;0.09;0.185;0.49;0.78;1.0;0.285;0.145
12-14-2024 03:00;1734145203;0.1;0.185;0.485;0.775;1.0;0.285;0.145
12-14-2024 04:00;1734148803;0.095;0.185;0.495;0.78;1.0;0.285;0.14
12-14-2024 05:00;1734152403;0.1;0.195;0.495;0.755;1.0;0.3;0.14
12-14-2024 06:00;1734156003;0.1;0.185;0.495;0.765;1.0;0.3;0.145
12-14-2024 07:00;1734159603;0.1;0.185;0.485;0.78;1.0;0.285;0.145
12-14-2024 08:00;1734163203;0.09;0.19;0.485;0.765;1.0;0.285;0.135
12-14-2024 09:00;1734166803;0.09;0.19;0.485;0.77;1.0;0.29;0.14
12-14-2024 10:00;1734170403;0.095;0.19;0.49;0.745;1.0;0.285;0.135
12-14-2024 11:00;1734174003;0.09;0.175;0.485;0.745;1.0;0.285;0.135
12-14-2024 12:00;1734177603;0.095;0.175;0.485;0.745;1.0;0.285;0.14
12-14-2024 13:00;1734181203;0.095;0.175;0.475;0.73;1.0;0.285;0.135
12-14-2024 14:00;1734184803;0.095;0.155;0.44;0.72;1.0;0.29;0.135
12-14-2024 15:00;1734188403;0.095;0.16;0.445;0.73;1.0;0.29;0.145
12-14-2024 16:00;1734192003;0.095;0.175;0.445;0.735;1.0;0.285;0.145
12-14-2024 17:00;1734195603;0.095;0.17;0.45;0.74;1.0;0.3;0.15
12-14-2024 18:00;1734199203;0.095;0.17;0.435;0.735;1.0;0.3;0.15
12-14-2024 19:00;1734202803;0.09;0.17;0.425;0.71;1.0;0.29;0.15
12-14-2024 20:00;1734206403;0.09;0.17;0.415;0.725;1.0;0.3;0.15
12-14-2024 21:00;1734210003;0.085;0.17;0.39;0.71;1.0;0.32;0.15
12-14-2024 22:00;1734213603;0.085;0.165;0.395;0.71;1.0;0.315;0.15
12-14-2024 23:00;1734217203;0.085;0.175;0.395;0.705;1.0;0.345;0.145
12-15-2024 00:00;1734220803;0.085;0.17;0.395;0.725;1.0;0.315;0.145
12-15-2024 01:00;1734224403;0.085;0.17;0.395;0.72;1.0;0.305;0.145
12-15-2024 02:00;1734228003;0.085;0.175;0.435;0.785;1.0;0.29;0.145
12-15-2024 03:00;1734231603;0.085;0.18;0.425;0.745;1.0;0.295;0.145
12-15-2024 04:00;1734235203;0.085;0.165;0.425;0.745;1.0;0.295;0.145
12-15-2024 05:00;1734238803;0.085;0.195;0.45;0.765;1.0;0.285;0.145
12-15-2024 06:00;1734242403;0.085;0.195;0.465;0.775;1.0;0.275;0.145
12-15-2024 07:00;1734246003;0.085;0.18;0.45;0.755;1.0;0.285;0.14
12-15-2024 08:00;1734249603;0.085;0.175;0.44;0.745;1.0;0.29;0.135
12-15-2024 09:00;1734253203;0.085;0.175;0.445;0.76;1.0;0.29;0.135
12-15-2024 10:00;1734256803;0.075;0.205;0.455;0.775;1.0;0.285;0.125
12-15-2024 11:00;1734260403;0.075;0.185;0.455;0.765;1.0;0.285;0.12
12-15-2024 12:00;1734264003;0.075;0.175;0.48;0.775;1.0;0.285;0.12
12-15-2024 13:00;1734267603;0.085;0.21;0.495;0.815;1.0;0.27;0.115
12-15-2024 14:00;1734271203;0.085;0.195;0.545;0.815;1.0;0.265;0.115
12-15-2024 15:00;1734274803;0.085;0.205;0.53;0.81;1.0;0.255;0.115
12-15-2024 16:00;1734278403;0.085;0.215;0.545;0.805;1.0;0.255;0.115
12-15-2024 17:00;1734282002;0.085;0.205;0.555;0.815;1.0;0.255;0.11
12-15-2024 18:00;1734285603;0.075;0.205;0.55;0.835;1.0;0.245;0.11
12-15-2024 19:00;1734289203;0.085;0.2;0.55;0.815;1.0;0.245;0.11
12-15-2024 20:00;1734292803;0.085;0.21;0.525;0.81;1.0;0.25;0.11
12-15-2024 21:00;1734296403;0.085;0.205;0.52;0.815;1.0;0.25;0.11
12-15-2024 22:00;1734300003;0.085;0.205;0.495;0.82;1.0;0.25;0.11
12-15-2024 23:00;1734303603;0.085;0.215;0.545;0.825;1.0;0.25;0.11
12-16-2024 00:00;1734307203;0.095;0.235;0.665;0.9995;1.0;0.225;0.105
12-16-2024 01:00;1734310803;0.115;0.275;0.745;0.9995;1.0;0.2;0.105
12-16-2024 02:00;1734314403;0.11;0.29;0.72;1.0;1.0;0.195;0.095
12-16-2024 03:00;1734318003;0.105;0.235;0.67;1.0;1.0;0.215;0.1
12-16-2024 04:00;1734321603;0.115;0.265;0.675;1.0;1.0;0.225;0.105
12-16-2024 05:00;1734325203;0.115;0.265;0.675;1.0;1.0;0.205;0.1
12-16-2024 06:00;1734328803;0.105;0.255;0.695;1.0;1.0;0.195;0.105
12-16-2024 07:00;1734332403;0.11;0.235;0.695;1.0;1.0;0.19;0.105
12-16-2024 08:00;1734336003;0.105;0.245;0.695;1.0;1.0;0.2;0.09
12-16-2024 09:00;1734339603;0.105;0.235;0.675;1.0;1.0;0.205;0.095
12-16-2024 10:00;1734343203;0.105;0.26;0.68;1.0;1.0;0.185;0.095
12-16-2024 11:00;1734346803;0.105;0.25;0.675;1.0;1.0;0.185;0.09
12-16-2024 12:00;1734350403;0.085;0.23;0.64;1.0;1.0;0.225;0.095
12-16-2024 13:00;1734354003;0.085;0.23;0.64;1.0;1.0;0.205;0.095
12-16-2024 14:00;1734357604;0.095;0.24;0.655;1.0;1.0;0.21;0.095
12-16-2024 15:00;1734361203;0.095;0.25;0.705;1.0;1.0;0.21;0.09
12-16-2024 16:00;1734364803;0.105;0.265;0.745;1.0;1.0;0.185;0.085
12-16-2024 17:00;1734368403;0.115;0.295;0.79;1.0;1.0;0.175;0.075
12-16-2024 18:00;1734372004;0.13;0.28;0.805;1.0;1.0;0.16;0.08
12-16-2024 19:00;1734375603;0.13;0.295;0.81;1.0;1.0;0.16;0.085
12-16-2024 20:00;1734379203;0.125;0.285;0.795;1.0;1.0;0.165;0.09
12-16-2024 21:00;1734382803;0.125;0.275;0.755;1.0;1.0;0.17;0.085
12-16-2024 22:00;1734386403;0.115;0.28;0.775;1.0;1.0;0.175;0.085
12-16-2024 23:00;1734390003;0.115;0.275;0.745;1.0;1.0;0.175;0.09
12-17-2024 00:00;1734393604;0.105;0.265;0.745;1.0;1.0;0.18;0.085
12-17-2024 01:00;1734397203;0.105;0.27;0.745;1.0;1.0;0.18;0.085
12-17-2024 02:00;1734400803;0.115;0.275;0.775;1.0;1.0;0.17;0.08
12-17-2024 03:00;1734404404;0.11;0.275;0.785;1.0;1.0;0.16;0.08
12-17-2024 04:00;1734408003;0.11;0.295;0.795;1.0;1.0;0.16;0.085
12-17-2024 05:00;1734411603;0.115;0.285;0.795;1.0;1.0;0.16;0.085
12-17-2024 06:00;1734415203;0.115;0.285;0.78;1.0;1.0;0.155;0.085
12-17-2024 07:00;1734418804;0.11;0.295;0.765;1.0;1.0;0.155;0.08
12-17-2024 08:00;1734422403;0.105;0.285;0.775;1.0;1.0;0.16;0.08
12-17-2024 09:00;1734426003;0.105;0.295;0.825;1.0;1.0;0.145;0.08
12-17-2024 10:00;1734429603;0.115;0.295;0.84;1.0;1.0;0.145;0.08
12-17-2024 11:00;1734433203;0.115;0.295;0.805;1.0;1.0;0.145;0.085
12-17-2024 12:00;1734436803;0.105;0.285;0.795;1.0;1.0;0.145;0.085
12-17-2024 13:00;1734440403;0.105;0.285;0.785;1.0;1.0;0.145;0.085
12-17-2024 14:00;1734444003;0.11;0.305;0.795;1.0;1.0;0.145;0.09
12-17-2024 15:00;1734447603;0.115;0.315;0.865;1.0;1.0;0.14;0.08
12-17-2024 16:00;1734451203;0.105;0.265;0.735;1.0;1.0;0.15;0.08
12-17-2024 17:00;1734454803;0.105;0.28;0.785;1.0;1.0;0.155;0.08
12-17-2024 18:00;1734458403;0.105;0.295;0.815;1.0;1.0;0.155;0.08
12-17-2024 19:00;1734462003;0.105;0.255;0.775;1.0;1.0;0.145;0.08
12-17-2024 20:00;1734465604;0.095;0.265;0.785;1.0;1.0;0.135;0.085
12-17-2024 21:00;1734469204;0.105;0.275;0.785;1.0;1.0;0.135;0.08
12-17-2024 22:00;1734472803;0.105;0.255;0.745;1.0;1.0;0.135;0.08
12-17-2024 23:00;1734476403;0.105;0.265;0.74;1.0;1.0;0.145;0.08
12-18-2024 00:00;1734480003;0.105;0.255;0.73;1.0;1.0;0.14;0.085
12-18-2024 01:00;1734483604;0.105;0.255;0.745;1.0;1.0;0.145;0.075
12-18-2024 02:00;1734487204;0.1;0.25;0.7;1.0;1.0;0.145;0.075
12-18-2024 03:00;1734490803;0.095;0.25;0.73;1.0;1.0;0.145;0.085
12-18-2024 04:00;1734494403;0.09;0.23;0.69;1.0;1.0;0.155;0.085
12-18-2024 05:00;1734498003;0.085;0.195;0.63;1.0;1.0;0.195;0.09
12-18-2024 06:00;1734501603;0.09;0.205;0.62;1.0;1.0;0.2;0.09
12-18-2024 07:00;1734505203;0.085;0.21;0.645;1.0;1.0;0.205;0.1
12-18-2024 08:00;1734508803;0.085;0.215;0.68;1.0;1.0;0.19;0.1
12-18-2024 09:00;1734512403;0.085;0.205;0.66;1.0;1.0;0.185;0.09
12-18-2024 10:00;1734516004;0.085;0.21;0.65;1.0;1.0;0.18;0.09
12-18-2024 11:00;1734519603;0.085;0.215;0.655;1.0;1.0;0.18;0.09
12-18-2024 12:00;1734523204;0.085;0.22;0.675;1.0;1.0;0.165;0.09
12-18-2024 13:00;1734526804;0.085;0.215;0.655;1.0;1.0;0.17;0.085
12-18-2024 14:00;1734530403;0.085;0.205;0.655;1.0;1.0;0.17;0.085
12-18-2024 15:00;1734534004;0.085;0.205;0.655;1.0;1.0;0.185;0.09
12-18-2024 16:00;1734537603;0.075;0.175;0.655;1.0;1.0;0.19;0.09
12-18-2024 17:00;1734541203;0.075;0.19;0.635;1.0;1.0;0.19;0.09
12-18-2024 18:00;1734544803;0.075;0.185;0.665;1.0;1.0;0.185;0.085
12-18-2024 19:00;1734548403;0.08;0.19;0.665;1.0;1.0;0.175;0.085
12-18-2024 20:00;1734552003;0.07;0.125;0.555;1.0;1.0;0.205;0.09
12-18-2024 21:00;1734555603;0.065;0.125;0.465;1.0;1.0;0.265;0.105
12-18-2024 22:00;1734559204;0.045;0.115;0.485;1.0;1.0;0.235;0.13
12-18-2024 23:00;1734562803;0.065;0.125;0.475;1.0;1.0;0.26;0.115
12-19-2024 00:00;1734566403;0.065;0.115;0.45;1.0;1.0;0.26;0.115
12-19-2024 01:00;1734570004;0.065;0.115;0.44;1.0;1.0;0.235;0.125
12-19-2024 02:00;1734573604;0.065;0.1;0.38;1.0;1.0;0.275;0.125
12-19-2024 03:00;1734577204;0.055;0.115;0.43;1.0;1.0;0.285;0.115
12-19-2024 04:00;1734580804;0.065;0.125;0.45;1.0;1.0;0.25;0.105
12-19-2024 05:00;1734584403;0.06;0.12;0.42;1.0;1.0;0.25;0.105
12-19-2024 06:00;1734588003;0.08;0.125;0.43;1.0;1.0;0.255;0.105
12-19-2024 07:00;1734591603;0.065;0.12;0.435;1.0;1.0;0.255;0.1
12-19-2024 08:00;1734595203;0.06;0.12;0.445;1.0;1.0;0.245;0.095
12-19-2024 09:00;1734598803;0.075;0.125;0.42;1.0;1.0;0.235;0.105
12-19-2024 10:00;1734602404;0.065;0.115;0.395;1.0;1.0;0.215;0.095
12-19-2024 11:00;1734606003;0.065;0.125;0.395;1.0;1.0;0.215;0.085
12-19-2024 12:00;1734609603;0.055;0.135;0.43;1.0;1.0;0.215;0.095
12-19-2024 13:00;1734613203;0.055;0.12;0.395;1.0;1.0;0.225;0.095
12-19-2024 14:00;1734616804;0.045;0.105;0.405;1.0;1.0;0.225;0.085
12-19-2024 15:00;1734620403;0.045;0.115;0.37;1.0;1.0;0.225;0.085
12-19-2024 16:00;1734624003;0.045;0.095;0.36;1.0;1.0;0.27;0.095
12-19-2024 17:00;1734627603;0.04;0.095;0.35;1.0;1.0;0.235;0.105
12-19-2024 18:00;1734631203;0.0355;0.06;0.245;1.0;1.0;0.3;0.12
12-19-2024 19:00;1734634803;0.0365;0.065;0.295;1.0;1.0;0.305;0.125
12-19-2024 20:00;1734638403;0.0345;0.075;0.25;1.0;1.0;0.365;0.18
12-19-2024 21:00;1734642003;0.0415;0.065;0.225;1.0;1.0;0.395;0.195
12-19-2024 22:00;1734645603;0.037;0.075;0.255;1.0;1.0;0.38;0.165
12-19-2024 23:00;1734649203;0.0345;0.075;0.255;1.0;1.0;0.345;0.155
12-20-2024 00:00;1734652804;0.0345;0.07;0.24;1.0;1.0;0.355;0.16
12-20-2024 01:00;1734656404;0.039;0.07;0.235;1.0;1.0;0.38;0.18
12-20-2024 02:00;1734660003;0.035;0.075;0.2;1.0;1.0;0.425;0.22
12-20-2024 03:00;1734663603;0.039;0.075;0.22;1.0;1.0;0.395;0.205
12-20-2024 04:00;1734667204;0.0405;0.075;0.21;1.0;1.0;0.395;0.2
12-20-2024 05:00;1734670803;0.0395;0.075;0.215;1.0;1.0;0.38;0.19
12-20-2024 06:00;1734674403;0.0375;0.065;0.225;1.0;1.0;0.395;0.205
12-20-2024 07:00;1734678004;0.037;0.065;0.205;1.0;1.0;0.4;0.195
12-20-2024 08:00;1734681604;0.0345;0.07;0.225;1.0;1.0;0.32;0.145
12-20-2024 09:00;1734685203;0.031;0.06;0.18;1.0;1.0;0.48;0.235
12-20-2024 10:00;1734688803;0.0235;0.06;0.165;1.0;1.0;0.545;0.24
12-20-2024 11:00;1734692403;0.0165;0.043;0.155;1.0;1.0;0.53;0.27
12-20-2024 12:00;1734696003;0.0165;0.029;0.145;1.0;1.0;0.67;0.345
12-20-2024 13:00;1734699603;0.027;0.031;0.165;1.0;1.0;0.625;0.265
12-20-2024 14:00;1734703204;0.03;0.0355;0.195;1.0;1.0;0.49;0.21
12-20-2024 15:00;1734706803;0.017;0.0365;0.195;1.0;1.0;0.475;0.23
12-20-2024 16:00;1734710404;0.0305;0.041;0.195;1.0;1.0;0.37;0.17
12-20-2024 17:00;1734714004;0.025;0.0375;0.18;1.0;1.0;0.38;0.175
12-20-2024 18:00;1734717604;0.0165;0.068;0.195;1.0;1.0;0.365;0.16
12-20-2024 19:00;1734721203;0.025;0.0525;0.19;1.0;1.0;0.37;0.155
12-20-2024 20:00;1734724803;0.0265;0.054;0.205;1.0;1.0;0.345;0.16
12-20-2024 21:00;1734728404;0.0265;0.0405;0.185;1.0;1.0;0.36;0.155
12-20-2024 22:00;1734732003;0.027;0.0395;0.175;1.0;1.0;0.325;0.185
12-20-2024 23:00;1734735603;0.029;0.042;0.195;1.0;1.0;0.295;0.155
12-21-2024 00:00;1734739203;0.0305;0.05;0.2;1.0;1.0;0.28;0.145
12-21-2024 01:00;1734742803;0.0335;0.0535;0.205;1.0;1.0;0.28;0.14
12-21-2024 02:00;1734746403;0.033;0.0585;0.195;1.0;1.0;0.3;0.145
12-21-2024 03:00;1734750003;0.0335;0.048;0.19;1.0;1.0;0.295;0.14
12-21-2024 04:00;1734753603;0.032;0.047;0.185;1.0;1.0;0.305;0.14
12-21-2024 05:00;1734757203;0.0315;0.045;0.19;1.0;1.0;0.285;0.135
12-21-2024 06:00;1734760804;0.0285;0.054;0.235;1.0;1.0;0.275;0.135
12-21-2024 07:00;1734764403;0.0245;0.056;0.22;1.0;1.0;0.275;0.125
12-21-2024 08:00;1734768003;0.0355;0.055;0.255;1.0;1.0;0.245;0.13
12-21-2024 09:00;1734771603;0.0365;0.054;0.22;1.0;1.0;0.26;0.125
12-21-2024 10:00;1734775203;0.0335;0.054;0.215;1.0;1.0;0.255;0.125
12-21-2024 11:00;1734778803;0.0325;0.0455;0.2;1.0;1.0;0.275;0.135
12-21-2024 12:00;1734782404;0.0245;0.049;0.2;1.0;1.0;0.275;0.135
12-21-2024 13:00;1734786003;0.025;0.041;0.18;1.0;1.0;0.295;0.16
12-21-2024 14:00;1734789604;0.0255;0.0395;0.18;1.0;1.0;0.3;0.145
12-21-2024 15:00;1734793203;0.0245;0.0355;0.17;1.0;1.0;0.31;0.145
12-21-2024 16:00;1734796803;0.017;0.038;0.185;1.0;1.0;0.28;0.14
12-21-2024 17:00;1734800403;0.02;0.032;0.165;1.0;1.0;0.305;0.145
12-21-2024 18:00;1734804003;0.0215;0.0395;0.165;1.0;1.0;0.3;0.145
12-21-2024 19:00;1734807603;0.0205;0.0385;0.175;1.0;1.0;0.255;0.145
12-21-2024 20:00;1734811204;0.0215;0.038;0.175;1.0;1.0;0.335;0.155
12-21-2024 21:00;1734814803;0.0215;0.0345;0.165;1.0;1.0;0.32;0.145
12-21-2024 22:00;1734818404;0.0215;0.037;0.17;1.0;1.0;0.33;0.145
12-21-2024 23:00;1734822003;0.0215;0.0395;0.16;1.0;1.0;0.33;0.15
12-22-2024 00:00;1734825604;0.0215;0.039;0.17;1.0;1.0;0.32;0.145
12-22-2024 01:00;1734829203;0.0205;0.0435;0.165;1.0;1.0;0.325;0.145
12-22-2024 02:00;1734832803;0.023;0.0455;0.16;1.0;1.0;0.33;0.145
12-22-2024 03:00;1734836403;0.023;0.049;0.155;1.0;1.0;0.325;0.16
12-22-2024 04:00;1734840003;0.0215;0.042;0.155;1.0;1.0;0.325;0.155
12-22-2024 05:00;1734843604;0.0255;0.041;0.135;1.0;1.0;0.355;0.165
12-22-2024 06:00;1734847203;0.0265;0.042;0.14;1.0;1.0;0.355;0.165
12-22-2024 07:00;1734850803;0.025;0.04;0.145;1.0;1.0;0.345;0.17
12-22-2024 08:00;1734854403;0.023;0.0385;0.135;1.0;1.0;0.355;0.185
12-22-2024 09:00;1734858003;0.026;0.0395;0.145;1.0;1.0;0.35;0.16
12-22-2024 10:00;1734861603;0.0275;0.04;0.155;1.0;1.0;0.31;0.165
12-22-2024 11:00;1734865204;0.022;0.044;0.165;1.0;1.0;0.325;0.165
12-22-2024 12:00;1734868803;0.021;0.042;0.155;1.0;1.0;0.32;0.165
12-22-2024 13:00;1734872403;0.022;0.0395;0.145;1.0;1.0;0.315;0.155
12-22-2024 14:00;1734876003;0.0245;0.0415;0.135;1.0;1.0;0.31;0.145
12-22-2024 15:00;1734879603;0.0225;0.0365;0.115;1.0;1.0;0.39;0.19
12-22-2024 16:00;1734883204;0.0205;0.0325;0.115;1.0;1.0;0.43;0.21
12-22-2024 17:00;1734886803;0.025;0.037;0.11;1.0;1.0;0.38;0.205
12-22-2024 18:00;1734890403;0.0275;0.041;0.12;1.0;1.0;0.395;0.205
12-22-2024 19:00;1734894004;0.027;0.0385;0.145;1.0;1.0;0.385;0.18
12-22-2024 20:00;1734897603;0.025;0.033;0.125;1.0;1.0;0.45;0.205
12-22-2024 21:00;1734901203;0.024;0.0345;0.135;1.0;1.0;0.385;0.185
12-22-2024 22:00;1734904803;0.0245;0.0335;0.13;1.0;1.0;0.415;0.2
12-22-2024 23:00;1734908403;0.026;0.0335;0.125;1.0;1.0;0.445;0.195
12-23-2024 00:00;1734912004;0.0255;0.0345;0.14;1.0;1.0;0.455;0.195
12-23-2024 01:00;1734915604;0.0235;0.0335;0.115;1.0;1.0;0.485;0.245
12-23-2024 02:00;1734919203;0.021;0.034;0.11;1.0;1.0;0.47;0.245
12-23-2024 03:00;1734922803;0.02;0.0335;0.125;1.0;1.0;0.49;0.245
12-23-2024 04:00;1734926403;0.0195;0.0475;0.145;1.0;1.0;0.375;0.19
12-23-2024 05:00;1734930004;0.0195;0.0465;0.145;1.0;1.0;0.41;0.195
12-23-2024 06:00;1734933603;0.0215;0.0415;0.12;1.0;1.0;0.395;0.195
12-23-2024 07:00;1734937203;0.0255;0.0365;0.115;1.0;1.0;0.445;0.22
12-23-2024 08:00;1734940803;0.0215;0.0365;0.105;1.0;1.0;0.44;0.215
12-23-2024 09:00;1734944404;0.024;0.033;0.105;1.0;1.0;0.42;0.19
12-23-2024 10:00;1734948003;0.017;0.039;0.115;1.0;1.0;0.34;0.185
12-23-2024 11:00;1734951603;0.02;0.0395;0.135;1.0;1.0;0.34;0.18
12-23-2024 12:00;1734955203;0.0175;0.036;0.145;1.0;1.0;0.345;0.16
12-23-2024 13:00;1734958803;0.017;0.037;0.155;1.0;1.0;0.345;0.155
12-23-2024 14:00;1734962403;0.016;0.032;0.155;1.0;1.0;0.395;0.18
12-23-2024 15:00;1734966003;0.0195;0.0295;0.145;1.0;1.0;0.46;0.215
12-23-2024 16:00;1734969604;0.0145;0.024;0.105;1.0;1.0;0.515;0.235
12-23-2024 17:00;1734973204;0.018;0.0215;0.105;1.0;1.0;0.475;0.225
12-23-2024 18:00;1734976803;0.0195;0.021;0.105;1.0;1.0;0.54;0.25
12-23-2024 19:00;1734980403;0.019;0.024;0.085;1.0;1.0;0.615;0.265
12-23-2024 20:00;1734984003;0.015;0.03;0.095;1.0;1.0;0.615;0.235
12-23-2024 21:00;1734987603;0.016;0.0315;0.095;1.0;1.0;0.545;0.225
12-23-2024 22:00;1734991203;0.016;0.0235;0.095;1.0;1.0;0.475;0.19
12-23-2024 23:00;1734994803;0.0175;0.0245;0.115;1.0;1.0;0.415;0.15
12-24-2024 00:00;1734998403;0.02;0.0295;0.105;1.0;1.0;0.425;0.235
12-24-2024 01:00;1735002003;0.017;0.0255;0.105;1.0;1.0;0.46;0.235
12-24-2024 02:00;1735005603;0.0165;0.024;0.105;1.0;1.0;0.465;0.215
12-24-2024 03:00;1735009203;0.017;0.0245;0.095;1.0;1.0;0.475;0.225
12-24-2024 04:00;1735012804;0.0175;0.0235;0.085;1.0;1.0;0.46;0.215
12-24-2024 05:00;1735016403;0.0185;0.024;0.095;1.0;1.0;0.45;0.215
12-24-2024 06:00;1735020003;0.0165;0.0235;0.085;1.0;1.0;0.435;0.2
12-24-2024 07:00;1735023603;0.016;0.0255;0.095;1.0;1.0;0.48;0.225
12-24-2024 08:00;1735027203;0.014;0.024;0.075;1.0;1.0;0.455;0.205
12-24-2024 09:00;1735030803;0.014;0.0235;0.085;1.0;1.0;0.425;0.185
12-24-2024 10:00;1735034403;0.0145;0.0195;0.085;1.0;1.0;0.455;0.205
12-24-2024 11:00;1735038004;0.0155;0.0215;0.065;1.0;1.0;0.455;0.195
12-24-2024 12:00;1735041603;0.017;0.0225;0.075;1.0;1.0;0.415;0.175
12-24-2024 13:00;1735045203;0.0165;0.022;0.065;1.0;1.0;0.435;0.18
12-24-2024 14:00;1735048803;0.0145;0.023;0.095;1.0;1.0;0.295;0.135
12-24-2024 15:00;1735052403;0.018;0.0335;0.145;1.0;1.0;0.215;0.1
12-24-2024 16:00;1735056004;0.018;0.0425;0.165;1.0;1.0;0.185;0.09
12-24-2024 17:00;1735059603;0.0195;0.043;0.175;1.0;1.0;0.195;0.08
12-24-2024 18:00;1735063204;0.0235;0.0435;0.175;1.0;1.0;0.18;0.075
12-24-2024 19:00;1735066803;0.0215;0.0385;0.16;1.0;1.0;0.195;0.075
12-24-2024 20:00;1735070403;0.0215;0.0295;0.155;1.0;1.0;0.245;0.075
12-24-2024 21:00;1735074004;0.0165;0.028;0.115;1.0;1.0;0.265;0.085
12-24-2024 22:00;1735077604;0.0165;0.0335;0.165;1.0;1.0;0.195;0.08
12-24-2024 23:00;1735081203;0.022;0.036;0.185;1.0;1.0;0.17;0.075
12-25-2024 00:00;1735084803;0.0155;0.0355;0.15;1.0;1.0;0.195;0.07
12-25-2024 01:00;1735088403;0.0105;0.0315;0.14;1.0;1.0;0.19;0.08
12-25-2024 02:00;1735092003;0.0135;0.0315;0.125;1.0;1.0;0.205;0.095
12-25-2024 03:00;1735095603;0.009;0.032;0.145;1.0;1.0;0.205;0.1
12-25-2024 04:00;1735099203;0.0115;0.0315;0.135;1.0;1.0;0.205;0.1
12-25-2024 05:00;1735102803;0.0115;0.031;0.13;1.0;1.0;0.2;0.09
12-25-2024 06:00;1735106404;0.0115;0.03;0.135;1.0;1.0;0.19;0.08
12-25-2024 07:00;1735110003;0.018;0.0345;0.135;1.0;1.0;0.19;0.075
12-25-2024 08:00;1735113603;0.0085;0.024;0.13;1.0;1.0;0.185;0.075
12-25-2024 09:00;1735117204;0.018;0.021;0.125;1.0;1.0;0.185;0.08
12-25-2024 10:00;1735120803;0.0185;0.023;0.135;1.0;1.0;0.175;0.085
12-25-2024 11:00;1735124403;0.0165;0.024;0.145;1.0;1.0;0.165;0.065
12-25-2024 12:00;1735128003;0.0175;0.0235;0.135;1.0;1.0;0.19;0.065
12-25-2024 13:00;1735131603;0.0185;0.0235;0.135;1.0;1.0;0.185;0.075
12-25-2024 14:00;1735135203;0.0185;0.024;0.155;1.0;1.0;0.165;0.065
12-25-2024 15:00;1735138803;0.0165;0.0245;0.145;1.0;1.0;0.16;0.075
12-25-2024 16:00;1735142403;0.017;0.025;0.125;1.0;1.0;0.16;0.075
12-25-2024 17:00;1735146004;0.0165;0.024;0.13;1.0;1.0;0.165;0.065
12-25-2024 18:00;1735149603;0.016;0.0235;0.13;1.0;1.0;0.155;0.07
12-25-2024 19:00;1735153203;0.0155;0.0215;0.13;1.0;1.0;0.155;0.075
12-25-2024 20:00;1735156804;0.016;0.0225;0.135;1.0;1.0;0.145;0.075
12-25-2024 21:00;1735160404;0.0155;0.022;0.14;1.0;1.0;0.145;0.075
12-25-2024 22:00;1735164003;0.017;0.02;0.125;1.0;1.0;0.155;0.075
12-25-2024 23:00;1735167602;0.0125;0.0215;0.13;1.0;1.0;0.175;0.08
12-26-2024 00:00;1735171204;0.016;0.022;0.165;1.0;1.0;0.135;0.065
12-26-2024 01:00;1735174804;0.015;0.0175;0.135;1.0;1.0;0.125;0.05
12-26-2024 02:00;1735178403;0.015;0.018;0.135;1.0;1.0;0.14;0.05
12-26-2024 03:00;1735182004;0.016;0.0165;0.135;1.0;1.0;0.145;0.06
12-26-2024 04:00;1735185603;0.015;0.0165;0.13;1.0;1.0;0.13;0.05
12-26-2024 05:00;1735189203;0.0145;0.017;0.115;1.0;1.0;0.155;0.055
12-26-2024 06:00;1735192803;0.015;0.017;0.115;1.0;1.0;0.15;0.055
12-26-2024 07:00;1735196404;0.0115;0.017;0.105;1.0;1.0;0.15;0.055
12-26-2024 08:00;1735200003;0.012;0.014;0.09;1.0;1.0;0.175;0.06
12-26-2024 09:00;1735203603;0.0105;0.0095;0.08;1.0;1.0;0.325;0.09
12-26-2024 10:00;1735207203;0.0115;0.009;0.075;1.0;1.0;0.34;0.105
12-26-2024 11:00;1735210803;0.0125;0.0105;0.065;1.0;1.0;0.335;0.095
12-26-2024 12:00;1735214403;0.013;0.0105;0.05;1.0;1.0;0.305;0.085
12-26-2024 13:00;1735218003;0.0075;0.009;0.055;1.0;1.0;0.33;0.085
12-26-2024 14:00;1735221603;0.007;0.009;0.05;1.0;1.0;0.295;0.08
12-26-2024 15:00;1735225204;0.0085;0.0085;0.065;1.0;1.0;0.285;0.08
12-26-2024 16:00;1735228803;0.0075;0.0085;0.055;1.0;1.0;0.255;0.07
12-26-2024 17:00;1735232403;0.0055;0.0085;0.055;1.0;1.0;0.24;0.065
12-26-2024 18:00;1735236003;0.0065;0.0085;0.055;1.0;1.0;0.25;0.07
12-26-2024 19:00;1735239604;0.007;0.0085;0.055;1.0;1.0;0.27;0.075
12-26-2024 20:00;1735243203;0.006;0.0085;0.05;1.0;1.0;0.265;0.085
12-26-2024 21:00;1735246803;0.006;0.0085;0.045;1.0;1.0;0.275;0.075
12-26-2024 22:00;1735250403;0.007;0.009;0.045;1.0;1.0;0.28;0.075
12-26-2024 23:00;1735254003;0.0065;0.01;0.06;1.0;1.0;0.27;0.065
12-27-2024 00:00;1735257603;0.0065;0.0095;0.055;1.0;1.0;0.245;0.075
12-27-2024 01:00;1735261203;0.0055;0.007;0.045;1.0;1.0;0.27;0.065
12-27-2024 02:00;1735264803;0.0045;0.007;0.045;1.0;1.0;0.255;0.065
12-27-2024 03:00;1735268403;0.004;0.007;0.05;1.0;1.0;0.245;0.07
12-27-2024 04:00;1735272003;0.005;0.0075;0.055;1.0;1.0;0.215;0.055
12-27-2024 05:00;1735275603;0.0055;0.0065;0.045;1.0;1.0;0.21;0.045
12-27-2024 06:00;1735279203;0.0045;0.0065;0.038;1.0;1.0;0.215;0.045
12-27-2024 07:00;1735282803;0.0045;0.008;0.037;1.0;1.0;0.205;0.04
12-27-2024 08:00;1735286404;0.005;0.006;0.0335;1.0;1.0;0.305;0.065
12-27-2024 09:00;1735290003;0.005;0.006;0.0395;1.0;1.0;0.24;0.055
12-27-2024 10:00;1735293604;0.004;0.0075;0.038;1.0;1.0;0.145;0.0445
12-27-2024 11:00;1735297203;0.0035;0.0075;0.0445;1.0;1.0;0.165;0.0435
12-27-2024 12:00;1735300803;0.0045;0.0075;0.046;1.0;1.0;0.185;0.0425
12-27-2024 13:00;1735304404;0.0035;0.007;0.045;1.0;1.0;0.18;0.037
12-27-2024 14:00;1735308003;0.005;0.0075;0.037;1.0;1.0;0.18;0.037
12-27-2024 15:00;1735311603;0.005;0.006;0.035;1.0;1.0;0.235;0.042
12-27-2024 16:00;1735315203;0.0055;0.0065;0.022;1.0;1.0;0.285;0.0515
12-27-2024 17:00;1735318803;0.0025;0.0045;0.0225;1.0;1.0;0.31;0.0525
12-27-2024 18:00;1735322403;0.004;0.005;0.0235;1.0;1.0;0.315;0.065
12-27-2024 19:00;1735326003;0.004;0.0055;0.0175;1.0;1.0;0.275;0.0315
12-27-2024 20:00;1735329603;0.0075;0.0055;0.0175;1.0;1.0;0.245;0.028
12-27-2024 21:00;1735333203;0.007;0.006;0.0155;1.0;1.0;0.255;0.0305
12-27-2024 22:00;1735336803;0.006;0.0065;0.015;1.0;1.0;0.26;0.0295
12-27-2024 23:00;1735340403;0.006;0.0065;0.015;1.0;1.0;0.275;0.044
12-28-2024 00:00;1735344003;0.007;0.005;0.016;1.0;1.0;0.3;0.0455
12-28-2024 01:00;1735347603;0.006;0.006;0.0145;1.0;1.0;0.26;0.0645
12-28-2024 02:00;1735351203;0.0065;0.005;0.012;1.0;1.0;0.27;0.062
12-28-2024 03:00;1735354803;0.0065;0.0055;0.012;1.0;1.0;0.265;0.057
12-28-2024 04:00;1735358403;0.004;0.0055;0.0115;1.0;1.0;0.24;0.039
12-28-2024 05:00;1735362003;0.004;0.0055;0.013;1.0;1.0;0.24;0.0355
12-28-2024 06:00;1735365603;0.005;0.0055;0.0125;1.0;1.0;0.225;0.0295
12-28-2024 07:00;1735369203;0.0055;0.006;0.0125;1.0;1.0;0.235;0.034
12-28-2024 08:00;1735372804;0.005;0.0055;0.0125;1.0;1.0;0.24;0.032
12-28-2024 09:00;1735376403;0.005;0.0055;0.014;1.0;1.0;0.225;0.0255
12-28-2024 10:00;1735380003;0.004;0.0055;0.014;1.0;1.0;0.205;0.025
12-28-2024 11:00;1735383603;0.0045;0.005;0.014;1.0;1.0;0.22;0.025
12-28-2024 12:00;1735387203;0.004;0.0045;0.015;1.0;1.0;0.205;0.025
12-28-2024 13:00;1735390803;0.004;0.005;0.013;1.0;1.0;0.205;0.027
12-28-2024 14:00;1735394403;0.0045;0.005;0.013;1.0;1.0;0.2;0.027
12-28-2024 15:00;1735398003;0.0045;0.0055;0.014;1.0;1.0;0.205;0.035
12-28-2024 16:00;1735401604;0.0045;0.005;0.0145;1.0;1.0;0.205;0.029
12-28-2024 17:00;1735405203;0.005;0.0055;0.014;1.0;1.0;0.195;0.0275
12-28-2024 18:00;1735408803;0.0045;0.005;0.013;1.0;1.0;0.15;0.0225
12-28-2024 19:00;1735412404;0.0045;0.005;0.0155;1.0;1.0;0.16;0.0235
12-28-2024 20:00;1735416004;0.0045;0.005;0.014;1.0;1.0;0.145;0.0235
12-28-2024 21:00;1735419604;0.0045;0.005;0.014;1.0;1.0;0.15;0.021
12-28-2024 22:00;1735423203;0.0045;0.005;0.0145;1.0;1.0;0.12;0.0185
12-28-2024 23:00;1735426803;0.0045;0.007;0.0135;1.0;1.0;0.125;0.0135
12-29-2024 00:00;1735430403;0.0045;0.0065;0.016;1.0;1.0;0.11;0.0125
12-29-2024 01:00;1735434004;0.0055;0.0065;0.0125;1.0;1.0;0.115;0.0105
12-29-2024 02:00;1735437603;0.0055;0.0065;0.013;1.0;1.0;0.18;0.0295
12-29-2024 03:00;1735441204;0.0055;0.0055;0.008;1.0;1.0;0.135;0.0355
12-29-2024 04:00;1735444804;0.005;0.0065;0.008;1.0;1.0;0.135;0.0335
12-29-2024 05:00;1735448404;0.0055;0.0065;0.0095;1.0;1.0;0.135;0.029
12-29-2024 06:00;1735452003;0.0055;0.0065;0.013;1.0;1.0;0.135;0.0295
12-29-2024 07:00;1735455603;0.0055;0.0065;0.0145;1.0;1.0;0.135;0.035
12-29-2024 08:00;1735459204;0.004;0.004;0.015;1.0;1.0;0.125;0.022
12-29-2024 09:00;1735462803;0.004;0.004;0.0115;1.0;1.0;0.115;0.029
12-29-2024 10:00;1735466403;0.0035;0.005;0.024;1.0;1.0;0.125;0.0205
12-29-2024 11:00;1735470003;0.0035;0.005;0.0135;1.0;1.0;0.11;0.0245
12-29-2024 12:00;1735473604;0.0035;0.005;0.0115;1.0;1.0;0.125;0.023
12-29-2024 13:00;1735477203;0.0025;0.0045;0.013;1.0;1.0;0.125;0.0235
12-29-2024 14:00;1735480803;0.0035;0.0045;0.01;1.0;1.0;0.135;0.0255
12-29-2024 15:00;1735484403;0.004;0.0045;0.011;1.0;1.0;0.125;0.03
12-29-2024 16:00;1735488004;0.004;0.0045;0.0115;1.0;1.0;0.135;0.024
12-29-2024 17:00;1735491603;0.0035;0.0045;0.01;1.0;1.0;0.19;0.0465
12-29-2024 18:00;1735495204;0.0035;0.005;0.011;1.0;1.0;0.2;0.0455
12-29-2024 19:00;1735498803;0.003;0.004;0.01;1.0;1.0;0.235;0.0495
12-29-2024 20:00;1735502403;0.005;0.0045;0.01;1.0;1.0;0.25;0.0435
12-29-2024 21:00;1735506003;0.004;0.0035;0.0095;1.0;1.0;0.225;0.0375
12-29-2024 22:00;1735509603;0.004;0.003;0.012;1.0;1.0;0.28;0.043
12-29-2024 23:00;1735513203;0.005;0.003;0.0085;1.0;1.0;0.315;0.044
12-30-2024 00:00;1735516803;0.0045;0.003;0.007;1.0;1.0;0.235;0.03
12-30-2024 01:00;1735520403;0.004;0.003;0.0075;1.0;1.0;0.25;0.0305
12-30-2024 02:00;1735524003;0.004;0.0025;0.0095;1.0;1.0;0.215;0.0295
12-30-2024 03:00;1735527604;0.004;0.0035;0.0085;1.0;1.0;0.225;0.029
12-30-2024 04:00;1735531204;0.0045;0.003;0.008;1.0;1.0;0.215;0.017
12-30-2024 05:00;1735534804;0.0045;0.0025;0.008;1.0;1.0;0.26;0.0355
12-30-2024 06:00;1735538404;0.003;0.0025;0.0085;1.0;1.0;0.225;0.0305
12-30-2024 07:00;1735542003;0.002;0.0025;0.009;1.0;1.0;0.215;0.019
12-30-2024 08:00;1735545604;0.0015;0.003;0.008;1.0;1.0;0.2;0.02
12-30-2024 09:00;1735549204;0.002;0.003;0.0075;1.0;1.0;0.175;0.0195
12-30-2024 10:00;1735552803;0.002;0.003;0.0075;1.0;1.0;0.165;0.017
12-30-2024 11:00;1735556403;0.002;0.0035;0.008;1.0;1.0;0.17;0.017
12-30-2024 12:00;1735560004;0.0015;0.0035;0.0055;1.0;1.0;0.145;0.016
12-30-2024 13:00;1735563604;0.002;0.0025;0.0055;1.0;1.0;0.145;0.015
12-30-2024 14:00;1735567203;0.002;0.0025;0.0065;1.0;1.0;0.275;0.0385
12-30-2024 15:00;1735570804;0.002;0.0025;0.006;1.0;1.0;0.485;0.0555
12-30-2024 16:00;1735574403;0.003;0.0045;0.0065;1.0;1.0;0.39;0.039
12-30-2024 17:00;1735578003;0.004;0.0045;0.0045;1.0;1.0;0.38;0.0355
12-30-2024 18:00;1735581603;0.003;0.005;0.005;1.0;1.0;0.15;0.0115
12-30-2024 19:00;1735585203;0.0025;0.004;0.006;1.0;1.0;0.115;0.0105
12-30-2024 20:00;1735588803;0.002;0.0045;0.0055;1.0;1.0;0.125;0.0105
12-30-2024 21:00;1735592404;0.002;0.0035;0.005;1.0;1.0;0.125;0.01
12-30-2024 22:00;1735596004;0.0015;0.0025;0.0045;1.0;1.0;0.395;0.0395
12-30-2024 23:00;1735599604;0.0025;0.0035;0.0065;1.0;1.0;0.29;0.024
12-31-2024 00:00;1735603204;0.0025;0.004;0.006;1.0;1.0;0.255;0.0265
12-31-2024 01:00;1735606804;0.004;0.004;0.006;1.0;1.0;0.295;0.024
12-31-2024 02:00;1735610403;0.003;0.0035;0.004;1.0;1.0;0.3;0.021
12-31-2024 03:00;1735614004;0.0015;0.0025;0.0035;1.0;1.0;0.255;0.025
12-31-2024 04:00;1735617604;0.0025;0.003;0.004;1.0;1.0;0.235;0.024
12-31-2024 05:00;1735621203;0.0025;0.0035;0.003;1.0;1.0;0.235;0.0105
12-31-2024 06:00;1735624804;0.002;0.0035;0.003;1.0;1.0;0.195;0.0105
12-31-2024 07:00;1735628403;0.0005;0.0005;0.001;1.0;1.0;0.16;0.0095
12-31-2024 08:00;1735632004;0.001;0.0005;0.001;1.0;1.0;0.145;0.0095
12-31-2024 09:00;1735635603;0.0005;0.0005;0.001;1.0;1.0;0.065;0.0105
12-31-2024 10:00;1735639204;0.001;0.0005;0.004;1.0;1.0;0.09;0.0085
12-31-2024 11:00;1735642804;0.0015;0.002;0.0025;1.0;1.0;0.055;0.0065
12-31-2024 12:00;1735646403;0.0015;0.0005;0.0025;1.0;1.0;0.045;0.0055
12-31-2024 13:00;1735650003;0.0015;0.0005;0.003;1.0;1.0;0.043;0.004
12-31-2024 14:00;1735653603;0.001;0.0025;0.0035;1.0;1.0;0.0165;0.003
12-31-2024 15:00;1735657203;0.0015;0.0025;0.002;1.0;1.0;0.0115;0.0035
12-31-2024 16:00;1735660803;0.0015;0.0005;0.0015;1.0;1.0;0.0095;0.0015
12-31-2024 17:00;1735664404;0.001;0.0005;0.0015;1.0;1.0;0.014;0.0025
12-31-2024 18:00;1735668004;0.001;0.0005;0.0025;1.0;1.0;0.0155;0.0035
12-31-2024 19:00;1735671603;0.001;0.0005;0.0025;1.0;1.0;0.0215;0.004
12-31-2024 20:00;1735675204;0.001;0.0015;0.003;1.0;1.0;0.015;0.002
12-31-2024 21:00;1735678804;0.001;0.0015;0.0025;1.0;1.0;0.019;0.0015
12-31-2024 22:00;1735682404;0.001;0.0015;0.0015;1.0;1.0;0.013;0.002
12-31-2024 23:00;1735686004;0.001;0.001;0.0015;1.0;1.0;0.0075;0.001
01-01-2025 00:00;1735689604;0.0005;0.0005;0.0005;1.0;1.0;0.0075;0.001
01-01-2025 01:00;1735693203;0.0005;0.0005;0.0015;1.0;1.0;0.0015;0.001
01-01-2025 02:00;1735696803;0.0005;0.0005;0.0005;1.0;1.0;0.0025;0.001
01-01-2025 03:00;1735700404;0.0005;0.0005;0.0005;1.0;1.0;0.0015;0.0005
01-01-2025 04:00;1735704003;0.0005;0.0005;0.0005;1.0;1.0;0.0015;0.0005
01-01-2025 05:00;1735707603;0.0005;0.0005;0.0005;1.0;1.0;0.0005;0.0005
01-01-2025 06:00;1735711204;0.0005;0.0005;0.0005;1.0;1.0;0.0005;0.0005
01-01-2025 07:00;1735714804;0.0005;0.0005;0.0005;1.0;1.0;0.0005;0.0005
