Date (UTC);Timestamp (UTC);$200,000;$150,000;$140,000;$130,000;$120,000;$110,000;$105,000;$100,000;$90,000;$85,000;$80,000;$70,000;$60,000;$50,000
01-02-2025 20:00;1735848003;0.025;0.07;0.07;0.16;0.39;0.475;0.79;0.84;0.45;0.13;0.25;0.095;0.1;0.08
01-02-2025 21:00;1735851603;0.032;0.03;0.04;0.1;0.305;0.465;0.64;0.84;0.59;0.19;0.25;0.09;0.09;0.055
01-02-2025 22:00;1735855203;0.0275;0.03;0.0395;0.09;0.21;0.415;0.585;0.845;0.595;0.38;0.28;0.09;0.09;0.035
01-02-2025 23:00;1735858804;0.0125;0.0295;0.039;0.07;0.15;0.39;0.58;0.845;0.59;0.365;0.25;0.095;0.035;0.0125
01-03-2025 00:00;1735862404;0.0125;0.0275;0.039;0.07;0.165;0.395;0.58;0.85;0.59;0.395;0.24;0.065;0.0255;0.0125
01-03-2025 01:00;1735866004;0.0125;0.027;0.039;0.07;0.16;0.39;0.585;0.84;0.59;0.355;0.225;0.08;0.025;0.009
01-03-2025 02:00;1735869603;0.02;0.0305;0.0455;0.075;0.165;0.39;0.58;0.825;0.585;0.345;0.23;0.065;0.0235;0.009
01-03-2025 03:00;1735873204;0.02;0.0305;0.046;0.075;0.17;0.37;0.57;0.84;0.555;0.33;0.225;0.065;0.025;0.009
01-03-2025 04:00;1735876804;0.0105;0.027;0.039;0.075;0.165;0.39;0.595;0.85;0.53;0.33;0.2;0.07;0.019;0.008
01-03-2025 05:00;1735880403;0.0105;0.026;0.044;0.075;0.185;0.4;0.59;0.85;0.535;0.335;0.195;0.065;0.018;0.008
01-03-2025 06:00;1735884003;0.011;0.029;0.0435;0.075;0.17;0.395;0.59;0.85;0.545;0.35;0.21;0.06;0.0165;0.008
01-03-2025 07:00;1735887603;0.013;0.0245;0.043;0.075;0.15;0.38;0.585;0.85;0.53;0.34;0.21;0.06;0.0165;0.008
01-03-2025 08:00;1735891204;0.013;0.0245;0.0435;0.075;0.16;0.36;0.575;0.845;0.545;0.335;0.205;0.06;0.017;0.008
01-03-2025 09:00;1735894803;0.0125;0.0225;0.0395;0.07;0.185;0.365;0.58;0.81;0.56;0.35;0.21;0.055;0.019;0.008
01-03-2025 10:00;1735898403;0.009;0.0225;0.038;0.07;0.19;0.37;0.585;0.825;0.555;0.32;0.2;0.05;0.017;0.007
01-03-2025 11:00;1735902003;0.0085;0.0225;0.03;0.07;0.165;0.37;0.585;0.815;0.545;0.32;0.195;0.045;0.0155;0.007
01-03-2025 12:00;1735905604;0.007;0.0225;0.018;0.07;0.165;0.38;0.595;0.82;0.54;0.33;0.185;0.045;0.0145;0.007
01-03-2025 13:00;1735909203;0.007;0.018;0.0175;0.07;0.16;0.38;0.585;0.825;0.535;0.33;0.185;0.0405;0.016;0.007
01-03-2025 14:00;1735912803;0.0065;0.0135;0.018;0.07;0.16;0.375;0.585;0.825;0.555;0.335;0.18;0.0405;0.017;0.007
01-03-2025 15:00;1735916404;0.005;0.014;0.0175;0.075;0.165;0.385;0.6;0.825;0.54;0.33;0.18;0.04;0.015;0.0055
01-03-2025 16:00;1735920003;0.005;0.025;0.0375;0.095;0.175;0.405;0.605;0.845;0.51;0.32;0.16;0.0395;0.015;0.0055
01-03-2025 17:00;1735923604;0.0095;0.0295;0.0585;0.09;0.215;0.405;0.68;0.895;0.49;0.32;0.15;0.04;0.014;0.0055
01-03-2025 18:00;1735927203;0.009;0.0285;0.0475;0.09;0.22;0.4;0.67;0.895;0.475;0.32;0.155;0.0395;0.0145;0.006
01-03-2025 19:00;1735930803;0.0085;0.029;0.053;0.085;0.21;0.45;0.695;0.915;0.455;0.305;0.14;0.039;0.014;0.0175
01-03-2025 20:00;1735934403;0.01;0.033;0.047;0.095;0.21;0.46;0.7;0.91;0.445;0.28;0.13;0.0385;0.014;0.017
01-03-2025 21:00;1735938004;0.0105;0.0375;0.043;0.09;0.21;0.465;0.685;0.905;0.455;0.28;0.14;0.036;0.0135;0.0165
01-03-2025 22:00;1735941603;0.0115;0.0345;0.043;0.1;0.21;0.445;0.69;0.905;0.47;0.285;0.14;0.0355;0.0135;0.016
01-03-2025 23:00;1735945203;0.0095;0.032;0.047;0.075;0.22;0.45;0.7;0.905;0.47;0.28;0.135;0.038;0.0135;0.014
01-04-2025 00:00;1735948803;0.0145;0.032;0.052;0.07;0.19;0.445;0.685;0.905;0.49;0.285;0.135;0.0405;0.0185;0.0175
01-04-2025 01:00;1735952403;0.014;0.0305;0.0475;0.08;0.18;0.425;0.675;0.905;0.49;0.285;0.135;0.04;0.0145;0.0155
01-04-2025 02:00;1735956003;0.014;0.03;0.047;0.08;0.19;0.42;0.68;0.905;0.49;0.285;0.135;0.04;0.0205;0.014
01-04-2025 03:00;1735959603;0.008;0.0255;0.0445;0.08;0.185;0.405;0.685;0.905;0.485;0.28;0.135;0.04;0.0195;0.018
01-04-2025 04:00;1735963203;0.011;0.033;0.0465;0.08;0.19;0.425;0.68;0.905;0.485;0.28;0.145;0.0375;0.017;0.0155
01-04-2025 05:00;1735966803;0.011;0.032;0.0455;0.07;0.175;0.425;0.68;0.905;0.485;0.28;0.145;0.038;0.0165;0.0155
01-04-2025 06:00;1735970403;0.011;0.031;0.043;0.07;0.165;0.42;0.68;0.905;0.48;0.28;0.145;0.038;0.017;0.0155
01-04-2025 07:00;1735974003;0.0105;0.031;0.045;0.075;0.165;0.42;0.68;0.905;0.475;0.28;0.14;0.0375;0.017;0.0155
01-04-2025 08:00;1735977603;0.009;0.029;0.0415;0.07;0.155;0.425;0.685;0.905;0.475;0.275;0.125;0.0375;0.017;0.014
01-04-2025 09:00;1735981203;0.0085;0.027;0.0365;0.07;0.175;0.415;0.675;0.9;0.49;0.28;0.125;0.0375;0.0165;0.014
01-04-2025 10:00;1735984803;0.0115;0.0275;0.0345;0.08;0.16;0.405;0.645;0.895;0.515;0.285;0.135;0.04;0.0155;0.01
01-04-2025 11:00;1735988403;0.015;0.0295;0.035;0.07;0.16;0.39;0.66;0.87;0.515;0.285;0.13;0.0325;0.0155;0.011
01-04-2025 12:00;1735992003;0.014;0.0295;0.033;0.07;0.155;0.41;0.665;0.875;0.52;0.295;0.125;0.0325;0.0135;0.0115
01-04-2025 13:00;1735995603;0.014;0.025;0.0325;0.065;0.155;0.39;0.66;0.885;0.51;0.285;0.125;0.0325;0.0145;0.011
01-04-2025 14:00;1735999203;0.012;0.0255;0.033;0.075;0.155;0.415;0.67;0.89;0.5;0.28;0.12;0.0205;0.0185;0.0115
01-04-2025 15:00;1736002803;0.0125;0.0255;0.0325;0.07;0.155;0.41;0.67;0.89;0.48;0.275;0.12;0.03;0.0185;0.01
01-04-2025 16:00;1736006403;0.0115;0.027;0.0385;0.08;0.155;0.41;0.665;0.885;0.495;0.275;0.12;0.0295;0.0185;0.011
01-04-2025 17:00;1736010003;0.013;0.031;0.039;0.065;0.165;0.405;0.665;0.89;0.49;0.275;0.12;0.029;0.0185;0.011
01-04-2025 18:00;1736013603;0.013;0.0335;0.0355;0.06;0.16;0.405;0.675;0.895;0.495;0.27;0.105;0.029;0.0185;0.011
01-04-2025 19:00;1736017203;0.012;0.0325;0.0345;0.06;0.175;0.405;0.675;0.895;0.49;0.275;0.105;0.024;0.017;0.016
01-04-2025 20:00;1736020803;0.0115;0.028;0.0375;0.065;0.16;0.405;0.685;0.895;0.49;0.265;0.095;0.025;0.017;0.0155
01-04-2025 21:00;1736024403;0.011;0.0285;0.0355;0.065;0.165;0.41;0.705;0.9;0.455;0.255;0.095;0.025;0.017;0.0155
01-04-2025 22:00;1736028003;0.011;0.0335;0.036;0.065;0.17;0.405;0.7;0.915;0.455;0.26;0.09;0.027;0.017;0.015
01-04-2025 23:00;1736031603;0.0115;0.0355;0.043;0.065;0.16;0.415;0.705;0.915;0.455;0.25;0.09;0.027;0.017;0.015
01-05-2025 00:00;1736035203;0.012;0.035;0.044;0.065;0.155;0.415;0.68;0.915;0.455;0.25;0.095;0.0305;0.017;0.015
01-05-2025 01:00;1736038803;0.011;0.03;0.0425;0.06;0.165;0.415;0.68;0.915;0.455;0.255;0.09;0.0305;0.017;0.015
01-05-2025 02:00;1736042403;0.011;0.03;0.0415;0.055;0.165;0.405;0.68;0.915;0.455;0.255;0.095;0.0305;0.017;0.015
01-05-2025 03:00;1736046003;0.011;0.0285;0.036;0.055;0.16;0.405;0.68;0.915;0.455;0.255;0.09;0.03;0.017;0.0115
01-05-2025 04:00;1736049603;0.0115;0.0285;0.036;0.065;0.165;0.4;0.685;0.915;0.455;0.25;0.09;0.03;0.017;0.0125
01-05-2025 05:00;1736053203;0.0115;0.0285;0.037;0.065;0.165;0.4;0.68;0.915;0.455;0.26;0.085;0.029;0.017;0.0115
01-05-2025 06:00;1736056803;0.0115;0.0285;0.037;0.065;0.165;0.4;0.68;0.915;0.445;0.25;0.085;0.029;0.017;0.0115
01-05-2025 07:00;1736060403;0.0105;0.0285;0.037;0.065;0.155;0.4;0.685;0.915;0.445;0.25;0.085;0.029;0.017;0.0115
01-05-2025 08:00;1736064003;0.011;0.028;0.037;0.065;0.155;0.405;0.675;0.915;0.455;0.25;0.09;0.029;0.016;0.0115
01-05-2025 09:00;1736067603;0.0115;0.028;0.0355;0.065;0.155;0.395;0.67;0.915;0.465;0.265;0.09;0.029;0.0165;0.011
01-05-2025 10:00;1736071203;0.011;0.0265;0.0325;0.065;0.155;0.395;0.665;0.915;0.47;0.25;0.09;0.029;0.0165;0.0115
01-05-2025 11:00;1736074803;0.0105;0.026;0.034;0.065;0.155;0.395;0.66;0.915;0.485;0.245;0.095;0.029;0.0165;0.0115
01-05-2025 12:00;1736078403;0.01;0.0285;0.034;0.065;0.155;0.395;0.665;0.915;0.485;0.25;0.095;0.0255;0.0165;0.0115
01-05-2025 13:00;1736082003;0.0105;0.0285;0.034;0.075;0.165;0.405;0.66;0.895;0.475;0.26;0.11;0.0255;0.0165;0.0115
01-05-2025 14:00;1736085603;0.011;0.026;0.0345;0.075;0.165;0.405;0.665;0.89;0.47;0.26;0.105;0.0255;0.016;0.0105
01-05-2025 15:00;1736089203;0.0115;0.0265;0.0335;0.085;0.165;0.395;0.655;0.89;0.48;0.26;0.1;0.0245;0.016;0.0115
01-05-2025 16:00;1736092803;0.0115;0.026;0.033;0.075;0.165;0.385;0.665;0.905;0.46;0.26;0.09;0.0245;0.016;0.0115
01-05-2025 17:00;1736096403;0.0115;0.026;0.0335;0.075;0.165;0.38;0.675;0.905;0.46;0.26;0.09;0.0225;0.0205;0.0115
01-05-2025 18:00;1736100003;0.0115;0.03;0.0335;0.075;0.155;0.375;0.665;0.895;0.465;0.27;0.095;0.0225;0.0235;0.0115
01-05-2025 19:00;1736103603;0.011;0.0365;0.0335;0.075;0.155;0.385;0.655;0.895;0.475;0.27;0.095;0.0235;0.0225;0.0115
01-05-2025 20:00;1736107204;0.011;0.035;0.0335;0.075;0.155;0.385;0.655;0.9;0.455;0.27;0.09;0.0225;0.02;0.0115
01-05-2025 21:00;1736110803;0.0105;0.0355;0.0335;0.075;0.165;0.395;0.665;0.9;0.455;0.265;0.085;0.0225;0.02;0.0115
01-05-2025 22:00;1736114403;0.0105;0.035;0.034;0.075;0.165;0.385;0.645;0.915;0.44;0.26;0.085;0.018;0.02;0.0115
01-05-2025 23:00;1736118003;0.0115;0.034;0.034;0.07;0.16;0.395;0.675;0.915;0.42;0.225;0.085;0.018;0.02;0.0115
01-06-2025 00:00;1736121603;0.011;0.029;0.034;0.07;0.16;0.395;0.675;0.91;0.425;0.235;0.09;0.03;0.02;0.0115
01-06-2025 01:00;1736125203;0.0115;0.025;0.049;0.095;0.17;0.435;0.66;0.905;0.435;0.25;0.095;0.0355;0.02;0.0115
01-06-2025 02:00;1736128804;0.011;0.0285;0.0475;0.09;0.175;0.435;0.67;0.915;0.44;0.23;0.1;0.029;0.018;0.011
01-06-2025 03:00;1736132403;0.011;0.0335;0.0465;0.085;0.18;0.435;0.69;0.92;0.42;0.225;0.095;0.025;0.018;0.011
01-06-2025 04:00;1736136003;0.0105;0.024;0.0395;0.085;0.175;0.43;0.685;0.94;0.4;0.205;0.095;0.027;0.016;0.0095
01-06-2025 05:00;1736139603;0.0105;0.0245;0.039;0.085;0.18;0.435;0.705;0.95;0.395;0.2;0.095;0.0275;0.016;0.0095
01-06-2025 06:00;1736143204;0.011;0.026;0.041;0.095;0.185;0.44;0.715;0.975;0.38;0.19;0.095;0.03;0.016;0.0095
01-06-2025 07:00;1736146803;0.0105;0.0195;0.039;0.08;0.195;0.46;0.71;0.9715;0.38;0.19;0.09;0.0285;0.016;0.0095
01-06-2025 08:00;1736150403;0.011;0.019;0.0375;0.08;0.18;0.46;0.705;0.953;0.39;0.21;0.09;0.03;0.016;0.0095
01-06-2025 09:00;1736154002;0.011;0.0205;0.0365;0.09;0.18;0.43;0.7;0.949;0.4;0.215;0.09;0.0305;0.0155;0.0095
01-06-2025 10:00;1736157603;0.0105;0.0185;0.037;0.07;0.185;0.42;0.7;0.948;0.395;0.225;0.09;0.031;0.0155;0.0095
01-06-2025 11:00;1736161202;0.0105;0.0175;0.038;0.075;0.17;0.4;0.69;0.934;0.395;0.22;0.1;0.0305;0.015;0.0095
01-06-2025 12:00;1736164803;0.011;0.02;0.047;0.095;0.185;0.425;0.68;0.947;0.39;0.215;0.11;0.0295;0.015;0.0095
01-06-2025 13:00;1736168403;0.012;0.02;0.047;0.095;0.19;0.4;0.685;0.937;0.38;0.215;0.105;0.0285;0.015;0.0105
01-06-2025 14:00;1736172003;0.011;0.0185;0.047;0.095;0.185;0.41;0.675;0.964;0.37;0.2;0.09;0.029;0.015;0.01
01-06-2025 15:00;1736175603;0.011;0.0215;0.048;0.085;0.19;0.485;0.77;0.9995;0.315;0.185;0.07;0.0305;0.015;0.0105
01-06-2025 16:00;1736179203;0.0105;0.026;0.0485;0.095;0.225;0.555;0.855;0.9995;0.28;0.155;0.075;0.03;0.0085;0.0105
01-06-2025 17:00;1736182803;0.011;0.026;0.0425;0.09;0.21;0.53;0.815;0.9995;0.255;0.15;0.08;0.031;0.0065;0.01
01-06-2025 18:00;1736186403;0.0105;0.025;0.0405;0.08;0.2;0.515;0.8;1.0;0.275;0.16;0.075;0.029;0.009;0.01
01-06-2025 19:00;1736190003;0.0105;0.025;0.0405;0.08;0.2;0.53;0.825;1.0;0.27;0.155;0.08;0.036;0.009;0.0095
01-06-2025 20:00;1736193603;0.0105;0.025;0.0405;0.085;0.225;0.56;0.825;1.0;0.27;0.155;0.08;0.0325;0.009;0.0095
01-06-2025 21:00;1736197203;0.0105;0.0245;0.0425;0.08;0.255;0.575;0.825;1.0;0.27;0.155;0.075;0.0325;0.009;0.009
01-06-2025 22:00;1736200803;0.011;0.0255;0.042;0.08;0.22;0.555;0.825;1.0;0.275;0.16;0.075;0.0355;0.0095;0.009
01-06-2025 23:00;1736204403;0.011;0.026;0.042;0.085;0.225;0.57;0.825;1.0;0.27;0.16;0.07;0.036;0.01;0.009
01-07-2025 00:00;1736208004;0.011;0.0235;0.0395;0.085;0.235;0.545;0.825;1.0;0.265;0.16;0.07;0.0365;0.0105;0.009
01-07-2025 01:00;1736211603;0.012;0.021;0.045;0.085;0.24;0.55;0.82;1.0;0.27;0.165;0.07;0.0325;0.0105;0.009
01-07-2025 02:00;1736215203;0.0115;0.021;0.0435;0.085;0.23;0.535;0.835;1.0;0.27;0.16;0.07;0.0305;0.0105;0.009
01-07-2025 03:00;1736218803;0.011;0.024;0.0455;0.075;0.22;0.53;0.825;1.0;0.27;0.155;0.07;0.0315;0.0105;0.009
01-07-2025 04:00;1736222403;0.011;0.0265;0.047;0.075;0.205;0.535;0.8;1.0;0.285;0.165;0.07;0.033;0.0105;0.009
01-07-2025 05:00;1736226003;0.011;0.0255;0.046;0.08;0.205;0.525;0.815;1.0;0.275;0.155;0.07;0.032;0.011;0.009
01-07-2025 06:00;1736229603;0.011;0.026;0.047;0.08;0.22;0.53;0.82;1.0;0.275;0.16;0.07;0.032;0.011;0.009
01-07-2025 07:00;1736233203;0.011;0.0245;0.0485;0.075;0.22;0.53;0.835;1.0;0.275;0.165;0.07;0.0295;0.011;0.009
01-07-2025 08:00;1736236803;0.012;0.0235;0.048;0.075;0.22;0.53;0.825;1.0;0.255;0.165;0.07;0.0305;0.0105;0.008
01-07-2025 09:00;1736240403;0.0115;0.024;0.0425;0.075;0.225;0.535;0.83;1.0;0.27;0.165;0.07;0.031;0.0095;0.0075
01-07-2025 10:00;1736244003;0.011;0.025;0.0435;0.08;0.205;0.53;0.825;1.0;0.26;0.165;0.07;0.0305;0.009;0.0075
01-07-2025 11:00;1736247603;0.0115;0.025;0.0385;0.075;0.205;0.52;0.795;1.0;0.285;0.175;0.07;0.0295;0.0085;0.0075
01-07-2025 12:00;1736251203;0.011;0.0285;0.0385;0.075;0.205;0.48;0.775;1.0;0.31;0.18;0.08;0.0345;0.0105;0.0075
01-07-2025 13:00;1736254803;0.0115;0.0235;0.0375;0.075;0.205;0.49;0.785;1.0;0.295;0.18;0.085;0.029;0.0105;0.0075
01-07-2025 14:00;1736258403;0.009;0.024;0.0365;0.075;0.205;0.485;0.785;1.0;0.32;0.175;0.08;0.03;0.01;0.007
01-07-2025 15:00;1736262003;0.01;0.0225;0.036;0.065;0.165;0.475;0.76;1.0;0.305;0.175;0.085;0.0375;0.0105;0.0065
01-07-2025 16:00;1736265603;0.0095;0.023;0.036;0.055;0.145;0.395;0.635;1.0;0.37;0.25;0.09;0.0405;0.0105;0.0065
01-07-2025 17:00;1736269203;0.0085;0.029;0.036;0.055;0.145;0.39;0.65;1.0;0.37;0.245;0.085;0.043;0.0115;0.0065
01-07-2025 18:00;1736272803;0.0075;0.0285;0.0355;0.055;0.135;0.37;0.61;1.0;0.435;0.26;0.085;0.04;0.0115;0.006
01-07-2025 19:00;1736276403;0.0075;0.0255;0.0335;0.055;0.13;0.35;0.585;1.0;0.445;0.26;0.095;0.0395;0.0115;0.0055
01-07-2025 20:00;1736280003;0.0105;0.0245;0.035;0.055;0.12;0.345;0.58;1.0;0.47;0.27;0.09;0.0395;0.0115;0.006
01-07-2025 21:00;1736283603;0.0065;0.028;0.0345;0.06;0.12;0.365;0.59;1.0;0.46;0.255;0.09;0.0405;0.0115;0.0055
01-07-2025 22:00;1736287203;0.009;0.026;0.034;0.06;0.13;0.335;0.57;1.0;0.45;0.25;0.09;0.0365;0.012;0.0055
01-07-2025 23:00;1736290803;0.009;0.026;0.0325;0.055;0.13;0.375;0.605;1.0;0.44;0.255;0.085;0.033;0.012;0.006
01-08-2025 00:00;1736294403;0.0085;0.0195;0.034;0.055;0.13;0.365;0.605;1.0;0.445;0.26;0.085;0.034;0.012;0.006
01-08-2025 01:00;1736298004;0.0085;0.0185;0.0315;0.055;0.13;0.375;0.62;1.0;0.43;0.25;0.085;0.033;0.012;0.006
01-08-2025 02:00;1736301603;0.0075;0.0185;0.0315;0.055;0.12;0.36;0.6;1.0;0.445;0.26;0.085;0.034;0.012;0.006
01-08-2025 03:00;1736305203;0.0065;0.0165;0.0305;0.055;0.125;0.355;0.615;1.0;0.445;0.25;0.085;0.0335;0.0105;0.006
01-08-2025 04:00;1736308803;0.007;0.0165;0.0315;0.055;0.135;0.34;0.585;1.0;0.47;0.26;0.085;0.033;0.0105;0.006
01-08-2025 05:00;1736312403;0.007;0.0175;0.0265;0.055;0.135;0.315;0.555;1.0;0.49;0.26;0.09;0.034;0.0105;0.006
01-08-2025 06:00;1736316003;0.0065;0.0165;0.032;0.055;0.135;0.335;0.555;1.0;0.45;0.25;0.09;0.0335;0.0105;0.006
01-08-2025 07:00;1736319603;0.006;0.017;0.0315;0.055;0.12;0.31;0.54;1.0;0.52;0.285;0.12;0.0355;0.0105;0.006
01-08-2025 08:00;1736323204;0.006;0.0135;0.0315;0.055;0.08;0.285;0.54;1.0;0.535;0.27;0.11;0.0355;0.0105;0.006
01-08-2025 09:00;1736326803;0.0065;0.0165;0.0285;0.055;0.095;0.295;0.54;1.0;0.505;0.255;0.105;0.0355;0.0105;0.006
01-08-2025 10:00;1736330403;0.0065;0.018;0.03;0.045;0.085;0.285;0.545;1.0;0.535;0.295;0.11;0.0315;0.0105;0.0055
01-08-2025 11:00;1736334003;0.0085;0.0175;0.0305;0.045;0.09;0.295;0.545;1.0;0.515;0.27;0.12;0.033;0.0105;0.0055
01-08-2025 12:00;1736337603;0.008;0.0185;0.029;0.045;0.09;0.27;0.515;1.0;0.575;0.315;0.13;0.034;0.0105;0.0055
01-08-2025 13:00;1736341203;0.0085;0.018;0.028;0.055;0.08;0.26;0.505;1.0;0.56;0.315;0.13;0.0355;0.0105;0.006
01-08-2025 14:00;1736344803;0.011;0.018;0.03;0.055;0.09;0.28;0.53;1.0;0.555;0.31;0.125;0.035;0.011;0.0055
01-08-2025 15:00;1736348403;0.008;0.018;0.03;0.05;0.1;0.28;0.5;1.0;0.56;0.305;0.12;0.0335;0.0105;0.0055
01-08-2025 16:00;1736352003;0.0085;0.018;0.0285;0.05;0.105;0.295;0.515;1.0;0.575;0.305;0.12;0.0305;0.0105;0.005
01-08-2025 17:00;1736355603;0.0095;0.018;0.029;0.055;0.095;0.29;0.48;1.0;0.585;0.325;0.13;0.033;0.0105;0.005
01-08-2025 18:00;1736359204;0.009;0.02;0.0325;0.045;0.08;0.285;0.455;1.0;0.625;0.355;0.145;0.0405;0.0105;0.005
01-08-2025 19:00;1736362803;0.0095;0.021;0.0305;0.05;0.115;0.29;0.45;1.0;0.615;0.35;0.125;0.04;0.0105;0.0055
01-08-2025 20:00;1736366403;0.0085;0.019;0.0325;0.045;0.115;0.28;0.475;1.0;0.59;0.32;0.125;0.0355;0.0105;0.0055
01-08-2025 21:00;1736370003;0.008;0.0185;0.0275;0.045;0.115;0.265;0.445;1.0;0.635;0.34;0.16;0.0405;0.0105;0.0055
01-08-2025 22:00;1736373603;0.008;0.0185;0.0295;0.045;0.115;0.275;0.455;1.0;0.59;0.345;0.155;0.0415;0.0125;0.006
01-08-2025 23:00;1736377204;0.008;0.0185;0.0295;0.045;0.12;0.295;0.485;1.0;0.535;0.31;0.135;0.039;0.0125;0.006
01-09-2025 00:00;1736380803;0.0085;0.0185;0.0275;0.055;0.115;0.29;0.485;1.0;0.55;0.31;0.135;0.0415;0.0125;0.006
01-09-2025 01:00;1736384403;0.0085;0.0185;0.0265;0.05;0.115;0.285;0.465;1.0;0.55;0.32;0.13;0.0415;0.0125;0.0065
01-09-2025 02:00;1736388004;0.0085;0.023;0.028;0.05;0.115;0.29;0.48;1.0;0.545;0.31;0.13;0.0345;0.0125;0.0065
01-09-2025 03:00;1736391603;0.0085;0.0205;0.0285;0.05;0.115;0.28;0.46;1.0;0.585;0.35;0.15;0.042;0.0205;0.0065
01-09-2025 04:00;1736395203;0.0085;0.0205;0.0305;0.05;0.115;0.28;0.45;1.0;0.615;0.355;0.17;0.041;0.021;0.0065
01-09-2025 05:00;1736398803;0.008;0.023;0.031;0.045;0.115;0.27;0.44;1.0;0.615;0.345;0.16;0.0375;0.021;0.0065
01-09-2025 06:00;1736402403;0.0085;0.022;0.032;0.05;0.115;0.28;0.45;1.0;0.605;0.345;0.155;0.0445;0.0205;0.0065
01-09-2025 07:00;1736406003;0.0065;0.02;0.0315;0.045;0.115;0.275;0.445;1.0;0.605;0.345;0.15;0.042;0.0195;0.0075
01-09-2025 08:00;1736409604;0.009;0.023;0.025;0.045;0.105;0.23;0.395;1.0;0.655;0.39;0.175;0.044;0.0215;0.007
01-09-2025 09:00;1736413203;0.0095;0.0235;0.0285;0.05;0.105;0.24;0.395;1.0;0.685;0.4;0.19;0.083;0.026;0.0075
01-09-2025 10:00;1736416804;0.0085;0.0175;0.0245;0.04;0.095;0.265;0.415;1.0;0.63;0.395;0.185;0.0635;0.0275;0.0075
01-09-2025 11:00;1736420403;0.0085;0.0145;0.0215;0.045;0.1;0.25;0.425;1.0;0.62;0.4;0.19;0.053;0.0355;0.0155
01-09-2025 12:00;1736424003;0.0085;0.019;0.0265;0.045;0.1;0.25;0.42;1.0;0.625;0.39;0.19;0.0485;0.035;0.015
01-09-2025 13:00;1736427604;0.008;0.0135;0.024;0.045;0.1;0.255;0.425;1.0;0.635;0.385;0.185;0.048;0.0305;0.0095
01-09-2025 14:00;1736431203;0.008;0.015;0.0235;0.045;0.1;0.21;0.39;1.0;0.74;0.445;0.215;0.0645;0.017;0.0125
01-09-2025 15:00;1736434803;0.0085;0.016;0.023;0.045;0.1;0.215;0.38;1.0;0.685;0.415;0.195;0.057;0.0215;0.012
01-09-2025 16:00;1736438403;0.0085;0.02;0.0325;0.045;0.105;0.245;0.43;1.0;0.61;0.345;0.175;0.043;0.0215;0.0095
01-09-2025 17:00;1736442003;0.0085;0.0215;0.0335;0.045;0.105;0.24;0.42;1.0;0.61;0.33;0.155;0.041;0.0235;0.009
01-09-2025 18:00;1736445603;0.008;0.0225;0.0365;0.045;0.095;0.21;0.375;1.0;0.685;0.415;0.2;0.063;0.018;0.0095
01-09-2025 19:00;1736449203;0.0075;0.019;0.0295;0.045;0.095;0.24;0.365;1.0;0.695;0.405;0.205;0.081;0.0285;0.01
01-09-2025 20:00;1736452803;0.0085;0.0175;0.0275;0.045;0.095;0.225;0.35;1.0;0.755;0.46;0.245;0.066;0.025;0.0105
01-09-2025 21:00;1736456403;0.008;0.0205;0.0305;0.045;0.075;0.205;0.38;1.0;0.745;0.455;0.255;0.063;0.0135;0.0105
01-09-2025 22:00;1736460003;0.0085;0.0165;0.026;0.033;0.075;0.2;0.37;1.0;0.75;0.44;0.25;0.0635;0.0155;0.0105
01-09-2025 23:00;1736463603;0.0085;0.0215;0.026;0.0375;0.075;0.21;0.405;1.0;0.75;0.435;0.245;0.0575;0.016;0.0105
01-10-2025 00:00;1736467204;0.0085;0.0215;0.026;0.0375;0.075;0.21;0.375;1.0;0.735;0.43;0.255;0.0625;0.015;0.0105
01-10-2025 01:00;1736470803;0.0085;0.025;0.0265;0.0385;0.075;0.22;0.38;1.0;0.72;0.405;0.245;0.062;0.0155;0.0115
01-10-2025 02:00;1736474404;0.0085;0.021;0.026;0.0395;0.075;0.225;0.385;1.0;0.695;0.405;0.235;0.062;0.0145;0.012
01-10-2025 03:00;1736478003;0.0085;0.0215;0.0245;0.0425;0.075;0.225;0.4;1.0;0.69;0.37;0.22;0.0575;0.024;0.012
01-10-2025 04:00;1736481603;0.0085;0.0205;0.0305;0.042;0.075;0.225;0.415;1.0;0.665;0.365;0.21;0.0625;0.0245;0.012
01-10-2025 05:00;1736485204;0.009;0.019;0.027;0.047;0.085;0.225;0.41;1.0;0.665;0.355;0.2;0.062;0.0245;0.012
01-10-2025 06:00;1736488803;0.007;0.02;0.0245;0.0425;0.09;0.23;0.415;1.0;0.65;0.335;0.19;0.0625;0.012;0.012
01-10-2025 07:00;1736492403;0.0085;0.02;0.025;0.0425;0.095;0.235;0.415;1.0;0.645;0.34;0.195;0.056;0.0165;0.012
01-10-2025 08:00;1736496003;0.0085;0.019;0.025;0.045;0.1;0.255;0.45;1.0;0.615;0.315;0.165;0.057;0.0175;0.012
01-10-2025 09:00;1736499603;0.006;0.019;0.025;0.045;0.1;0.25;0.465;1.0;0.6;0.305;0.17;0.057;0.0165;0.0125
01-10-2025 10:00;1736503203;0.0055;0.0165;0.03;0.0475;0.105;0.265;0.495;1.0;0.605;0.305;0.155;0.0575;0.016;0.0125
01-10-2025 11:00;1736506804;0.0065;0.0205;0.0265;0.0475;0.115;0.27;0.515;1.0;0.59;0.3;0.165;0.0515;0.013;0.0105
01-10-2025 12:00;1736510404;0.0065;0.0185;0.026;0.0555;0.115;0.27;0.495;1.0;0.6;0.315;0.165;0.0515;0.013;0.0105
01-10-2025 13:00;1736514003;0.0065;0.018;0.0265;0.0515;0.12;0.27;0.51;1.0;0.605;0.31;0.165;0.0455;0.013;0.0105
01-10-2025 14:00;1736517603;0.0065;0.0185;0.026;0.0415;0.105;0.235;0.425;1.0;0.685;0.37;0.2;0.0525;0.013;0.0105
01-10-2025 15:00;1736521203;0.0065;0.018;0.03;0.043;0.095;0.24;0.47;1.0;0.655;0.375;0.19;0.053;0.018;0.0105
01-10-2025 16:00;1736524804;0.0065;0.0225;0.0295;0.043;0.09;0.24;0.425;1.0;0.665;0.365;0.215;0.0615;0.014;0.0105
01-10-2025 17:00;1736528403;0.0065;0.022;0.027;0.048;0.09;0.225;0.415;1.0;0.665;0.375;0.22;0.062;0.0135;0.0105
01-10-2025 18:00;1736532004;0.0075;0.022;0.027;0.0405;0.1;0.265;0.51;1.0;0.56;0.28;0.165;0.057;0.0135;0.0105
01-10-2025 19:00;1736535604;0.009;0.022;0.027;0.0405;0.1;0.265;0.465;1.0;0.595;0.32;0.185;0.054;0.014;0.0105
01-10-2025 20:00;1736539203;0.008;0.022;0.028;0.0405;0.085;0.235;0.465;1.0;0.595;0.305;0.175;0.0525;0.017;0.0145
01-10-2025 21:00;1736542803;0.0085;0.0225;0.0275;0.037;0.095;0.23;0.48;1.0;0.625;0.33;0.185;0.0565;0.015;0.0145
01-10-2025 22:00;1736546403;0.0095;0.0225;0.0275;0.037;0.09;0.235;0.475;1.0;0.62;0.33;0.18;0.0565;0.016;0.014
01-10-2025 23:00;1736550003;0.0095;0.0225;0.0275;0.037;0.085;0.235;0.455;1.0;0.615;0.32;0.175;0.054;0.0155;0.014
01-11-2025 00:00;1736553604;0.009;0.022;0.024;0.028;0.085;0.22;0.46;1.0;0.605;0.325;0.175;0.054;0.0185;0.014
01-11-2025 01:00;1736557203;0.0075;0.0215;0.0235;0.027;0.095;0.215;0.435;1.0;0.61;0.34;0.185;0.0535;0.0165;0.015
01-11-2025 02:00;1736560804;0.007;0.0215;0.023;0.0275;0.095;0.21;0.425;1.0;0.62;0.335;0.19;0.0565;0.0185;0.015
01-11-2025 03:00;1736564404;0.0065;0.0215;0.027;0.0285;0.095;0.215;0.435;1.0;0.625;0.345;0.18;0.0555;0.017;0.0145
01-11-2025 04:00;1736568003;0.0075;0.0215;0.026;0.028;0.085;0.22;0.405;1.0;0.64;0.345;0.19;0.0565;0.0175;0.0145
01-11-2025 05:00;1736571604;0.007;0.0215;0.026;0.029;0.085;0.225;0.415;1.0;0.655;0.355;0.195;0.0565;0.0175;0.0145
01-11-2025 06:00;1736575204;0.007;0.021;0.0255;0.0315;0.09;0.225;0.425;1.0;0.645;0.34;0.175;0.046;0.0175;0.0145
01-11-2025 07:00;1736578803;0.0075;0.021;0.024;0.033;0.095;0.22;0.42;1.0;0.645;0.35;0.175;0.0515;0.0165;0.0145
01-11-2025 08:00;1736582403;0.0075;0.021;0.0235;0.0315;0.095;0.22;0.41;1.0;0.645;0.35;0.175;0.0485;0.0285;0.0155
01-11-2025 09:00;1736586004;0.008;0.021;0.0235;0.033;0.085;0.225;0.41;1.0;0.645;0.35;0.18;0.052;0.0305;0.0155
01-11-2025 10:00;1736589604;0.0085;0.021;0.0235;0.034;0.085;0.225;0.415;1.0;0.635;0.35;0.185;0.053;0.029;0.015
01-11-2025 11:00;1736593203;0.0085;0.021;0.0235;0.0365;0.085;0.225;0.415;1.0;0.62;0.34;0.18;0.044;0.028;0.015
01-11-2025 12:00;1736596803;0.0085;0.021;0.025;0.0385;0.095;0.225;0.425;1.0;0.61;0.335;0.175;0.045;0.0255;0.0145
01-11-2025 13:00;1736600404;0.0085;0.0215;0.025;0.0385;0.085;0.225;0.425;1.0;0.605;0.34;0.16;0.0475;0.026;0.0145
01-11-2025 14:00;1736604004;0.0085;0.021;0.0255;0.0385;0.09;0.225;0.415;1.0;0.62;0.34;0.17;0.0465;0.0295;0.0145
01-11-2025 15:00;1736607603;0.0085;0.019;0.025;0.0365;0.085;0.225;0.415;1.0;0.605;0.345;0.17;0.047;0.0285;0.0145
01-11-2025 16:00;1736611204;0.0075;0.0195;0.027;0.036;0.085;0.225;0.41;1.0;0.625;0.345;0.16;0.046;0.0275;0.015
01-11-2025 17:00;1736614803;0.0075;0.019;0.027;0.0355;0.085;0.21;0.41;1.0;0.615;0.35;0.165;0.046;0.025;0.014
01-11-2025 18:00;1736618403;0.0075;0.019;0.027;0.0295;0.08;0.205;0.405;1.0;0.62;0.355;0.175;0.0475;0.022;0.0145
01-11-2025 19:00;1736622004;0.0065;0.019;0.027;0.033;0.08;0.21;0.405;1.0;0.62;0.35;0.16;0.047;0.0215;0.0145
01-11-2025 20:00;1736625603;0.0065;0.019;0.027;0.0335;0.08;0.21;0.4;1.0;0.615;0.36;0.17;0.047;0.0215;0.0145
01-11-2025 21:00;1736629204;0.0065;0.0185;0.027;0.0335;0.075;0.215;0.405;1.0;0.6;0.345;0.165;0.047;0.0215;0.0145
01-11-2025 22:00;1736632803;0.007;0.0185;0.024;0.0325;0.075;0.225;0.415;1.0;0.595;0.34;0.165;0.0445;0.0215;0.013
01-11-2025 23:00;1736636404;0.007;0.0185;0.024;0.0335;0.085;0.225;0.415;1.0;0.605;0.35;0.16;0.047;0.0215;0.012
01-12-2025 00:00;1736640004;0.007;0.0185;0.024;0.0335;0.085;0.225;0.42;1.0;0.62;0.35;0.16;0.044;0.0215;0.014
01-12-2025 01:00;1736643603;0.007;0.0185;0.024;0.0335;0.085;0.22;0.405;1.0;0.625;0.35;0.155;0.0445;0.0215;0.014
01-12-2025 02:00;1736647204;0.007;0.0185;0.0235;0.034;0.085;0.22;0.405;1.0;0.625;0.345;0.16;0.044;0.0215;0.013
01-12-2025 03:00;1736650804;0.007;0.0185;0.0245;0.0345;0.085;0.22;0.41;1.0;0.625;0.345;0.165;0.041;0.0215;0.013
01-12-2025 04:00;1736654404;0.0075;0.0185;0.0245;0.0355;0.085;0.22;0.42;1.0;0.62;0.345;0.165;0.0445;0.0225;0.0135
01-12-2025 05:00;1736658003;0.0065;0.0185;0.0245;0.035;0.08;0.225;0.425;1.0;0.625;0.35;0.165;0.0445;0.0225;0.014
01-12-2025 06:00;1736661604;0.007;0.0185;0.0245;0.035;0.08;0.225;0.415;1.0;0.625;0.335;0.165;0.042;0.0215;0.015
01-12-2025 07:00;1736665204;0.0085;0.018;0.0255;0.0345;0.08;0.215;0.41;1.0;0.63;0.35;0.165;0.0425;0.0215;0.015
01-12-2025 08:00;1736668804;0.007;0.017;0.0255;0.035;0.075;0.215;0.405;1.0;0.625;0.345;0.16;0.0405;0.0215;0.015
01-12-2025 09:00;1736672404;0.0065;0.017;0.0245;0.0335;0.075;0.205;0.405;1.0;0.63;0.35;0.17;0.04;0.0215;0.015
01-12-2025 10:00;1736676004;0.0075;0.017;0.0245;0.032;0.075;0.195;0.375;1.0;0.665;0.36;0.185;0.0445;0.0215;0.014
01-12-2025 11:00;1736679604;0.0075;0.017;0.025;0.0355;0.075;0.2;0.375;1.0;0.645;0.365;0.17;0.043;0.0215;0.014
01-12-2025 12:00;1736683204;0.0075;0.0175;0.026;0.034;0.075;0.205;0.375;1.0;0.645;0.35;0.17;0.042;0.0215;0.0135
01-12-2025 13:00;1736686804;0.0075;0.0255;0.028;0.038;0.105;0.215;0.375;1.0;0.635;0.345;0.165;0.041;0.0215;0.013
01-12-2025 14:00;1736690404;0.0075;0.024;0.029;0.038;0.105;0.215;0.385;1.0;0.63;0.33;0.155;0.0365;0.0205;0.015
01-12-2025 15:00;1736694003;0.008;0.024;0.0305;0.038;0.105;0.225;0.395;1.0;0.625;0.32;0.155;0.0365;0.021;0.015
01-12-2025 16:00;1736697604;0.009;0.0225;0.03;0.037;0.11;0.235;0.405;1.0;0.615;0.305;0.15;0.035;0.0235;0.014
01-12-2025 17:00;1736701203;0.01;0.024;0.0285;0.0425;0.115;0.255;0.41;1.0;0.615;0.31;0.155;0.0355;0.0225;0.014
01-12-2025 18:00;1736704803;0.0095;0.024;0.029;0.0425;0.115;0.26;0.405;1.0;0.605;0.3;0.155;0.0375;0.023;0.014
01-12-2025 19:00;1736708404;0.007;0.0235;0.028;0.0425;0.11;0.26;0.415;1.0;0.605;0.305;0.145;0.0375;0.0235;0.014
01-12-2025 20:00;1736712003;0.013;0.0235;0.0295;0.0375;0.1;0.245;0.415;1.0;0.615;0.315;0.155;0.0375;0.022;0.014
01-12-2025 21:00;1736715604;0.0095;0.0235;0.029;0.04;0.105;0.245;0.41;1.0;0.61;0.315;0.155;0.0375;0.021;0.014
01-12-2025 22:00;1736719204;0.0085;0.023;0.029;0.04;0.095;0.235;0.405;1.0;0.625;0.335;0.155;0.0375;0.021;0.014
01-12-2025 23:00;1736722803;0.0075;0.024;0.0325;0.039;0.095;0.225;0.385;1.0;0.655;0.36;0.185;0.0445;0.0215;0.012
01-13-2025 00:00;1736726404;0.0075;0.024;0.0325;0.04;0.095;0.24;0.395;1.0;0.645;0.34;0.17;0.0435;0.0215;0.012
01-13-2025 01:00;1736730004;0.0075;0.023;0.032;0.0395;0.105;0.245;0.435;1.0;0.575;0.295;0.145;0.038;0.0215;0.011
01-13-2025 02:00;1736733603;0.007;0.023;0.0295;0.039;0.09;0.21;0.385;1.0;0.64;0.355;0.195;0.0385;0.0215;0.011
01-13-2025 03:00;1736737203;0.007;0.0205;0.0255;0.039;0.095;0.205;0.395;1.0;0.645;0.355;0.185;0.0395;0.0215;0.011
01-13-2025 04:00;1736740803;0.0075;0.021;0.0215;0.034;0.095;0.205;0.395;1.0;0.64;0.355;0.185;0.0385;0.0215;0.011
01-13-2025 05:00;1736744404;0.0075;0.021;0.0225;0.034;0.095;0.21;0.42;1.0;0.625;0.315;0.18;0.036;0.0215;0.011
01-13-2025 06:00;1736748003;0.007;0.0185;0.0225;0.034;0.095;0.205;0.405;1.0;0.65;0.325;0.18;0.0395;0.0215;0.011
01-13-2025 07:00;1736751603;0.0065;0.0165;0.022;0.0325;0.085;0.195;0.355;1.0;0.685;0.365;0.2;0.0495;0.0215;0.011
01-13-2025 08:00;1736755204;0.007;0.0175;0.022;0.0325;0.085;0.195;0.385;1.0;0.655;0.34;0.19;0.068;0.0215;0.011
01-13-2025 09:00;1736758804;0.007;0.0175;0.022;0.0325;0.085;0.195;0.355;1.0;0.685;0.38;0.215;0.0735;0.0205;0.011
01-13-2025 10:00;1736762403;0.0085;0.02;0.0285;0.035;0.095;0.205;0.305;1.0;0.705;0.375;0.205;0.0735;0.0205;0.011
01-13-2025 11:00;1736766003;0.0085;0.0185;0.0305;0.036;0.09;0.19;0.265;1.0;0.815;0.445;0.225;0.0765;0.0225;0.011
01-13-2025 12:00;1736769603;0.0085;0.0185;0.027;0.0355;0.075;0.16;0.25;1.0;0.845;0.48;0.265;0.077;0.0225;0.011
01-13-2025 13:00;1736773204;0.0085;0.0185;0.025;0.0355;0.075;0.15;0.235;1.0;0.87;0.515;0.28;0.072;0.0275;0.0115
01-13-2025 14:00;1736776804;0.0085;0.018;0.024;0.037;0.095;0.16;0.255;1.0;0.815;0.485;0.265;0.071;0.0275;0.013
01-13-2025 15:00;1736780403;0.0085;0.0185;0.026;0.0325;0.075;0.18;0.285;1.0;0.9995;0.435;0.23;0.063;0.017;0.014
01-13-2025 16:00;1736784004;0.0095;0.022;0.024;0.0375;0.09;0.205;0.31;1.0;0.9995;0.4;0.215;0.0515;0.0165;0.014
01-13-2025 17:00;1736787603;0.0095;0.022;0.023;0.038;0.09;0.185;0.28;1.0;1.0;0.45;0.23;0.0445;0.0175;0.014
01-13-2025 18:00;1736791203;0.009;0.0185;0.0225;0.0355;0.08;0.185;0.3;1.0;1.0;0.445;0.235;0.0565;0.0155;0.014
01-13-2025 19:00;1736794803;0.009;0.02;0.0165;0.036;0.085;0.185;0.295;1.0;1.0;0.435;0.23;0.0585;0.0165;0.014
01-13-2025 20:00;1736798403;0.009;0.018;0.017;0.033;0.08;0.185;0.3;1.0;1.0;0.405;0.22;0.0585;0.018;0.014
01-13-2025 21:00;1736802003;0.0085;0.018;0.02;0.035;0.1;0.205;0.375;1.0;1.0;0.355;0.19;0.059;0.0175;0.014
01-13-2025 22:00;1736805603;0.0085;0.018;0.02;0.0465;0.11;0.245;0.41;1.0;1.0;0.335;0.165;0.0565;0.0165;0.0125
01-13-2025 23:00;1736809203;0.0085;0.018;0.023;0.047;0.11;0.255;0.42;1.0;1.0;0.335;0.17;0.0505;0.017;0.0125
01-14-2025 00:00;1736812803;0.0085;0.018;0.023;0.043;0.115;0.245;0.41;1.0;1.0;0.335;0.17;0.05;0.0175;0.0125
01-14-2025 01:00;1736816403;0.009;0.018;0.023;0.045;0.11;0.265;0.41;1.0;1.0;0.33;0.165;0.049;0.017;0.013
01-14-2025 02:00;1736820003;0.009;0.0175;0.0225;0.044;0.11;0.265;0.42;1.0;1.0;0.315;0.16;0.0465;0.018;0.0125
01-14-2025 03:00;1736823604;0.009;0.0205;0.0205;0.046;0.115;0.265;0.43;1.0;1.0;0.315;0.155;0.046;0.017;0.0125
01-14-2025 04:00;1736827203;0.009;0.0195;0.0195;0.043;0.105;0.255;0.43;1.0;1.0;0.33;0.155;0.0375;0.017;0.0125
01-14-2025 05:00;1736830803;0.009;0.021;0.0225;0.0415;0.11;0.26;0.42;1.0;1.0;0.33;0.155;0.0365;0.016;0.0125
01-14-2025 06:00;1736834404;0.009;0.0185;0.027;0.042;0.115;0.255;0.415;1.0;1.0;0.315;0.155;0.0365;0.016;0.0125
01-14-2025 07:00;1736838003;0.0085;0.0165;0.0235;0.0415;0.115;0.265;0.425;1.0;1.0;0.335;0.16;0.0395;0.016;0.0125
01-14-2025 08:00;1736841603;0.0085;0.0185;0.028;0.0425;0.115;0.265;0.425;1.0;1.0;0.33;0.155;0.0405;0.016;0.0125
01-14-2025 09:00;1736845203;0.0085;0.0205;0.0275;0.047;0.12;0.28;0.445;1.0;1.0;0.295;0.14;0.0305;0.016;0.012
01-14-2025 10:00;1736848804;0.0075;0.0215;0.0275;0.0545;0.145;0.325;0.56;1.0;1.0;0.255;0.125;0.027;0.016;0.01
01-14-2025 11:00;1736852404;0.0075;0.0215;0.0305;0.046;0.13;0.305;0.525;1.0;1.0;0.245;0.13;0.0255;0.0155;0.01
01-14-2025 12:00;1736856003;0.0075;0.025;0.031;0.053;0.125;0.315;0.505;1.0;1.0;0.265;0.145;0.0245;0.0155;0.0095
01-14-2025 13:00;1736859603;0.0075;0.022;0.028;0.044;0.125;0.325;0.475;1.0;1.0;0.27;0.135;0.025;0.0155;0.0105
01-14-2025 14:00;1736863203;0.0085;0.022;0.028;0.043;0.12;0.32;0.485;1.0;1.0;0.25;0.135;0.025;0.015;0.01
01-14-2025 15:00;1736866803;0.0085;0.022;0.0275;0.0455;0.125;0.325;0.495;1.0;1.0;0.255;0.135;0.0235;0.0155;0.0095
01-14-2025 16:00;1736870403;0.0075;0.022;0.029;0.046;0.125;0.315;0.5;1.0;1.0;0.23;0.145;0.023;0.015;0.009
01-14-2025 17:00;1736874003;0.0085;0.022;0.028;0.044;0.115;0.285;0.455;1.0;1.0;0.27;0.155;0.03;0.015;0.0095
01-14-2025 18:00;1736877603;0.0085;0.0215;0.0255;0.0425;0.11;0.315;0.485;1.0;1.0;0.235;0.145;0.0315;0.0155;0.0095
01-14-2025 19:00;1736881203;0.0085;0.0195;0.0185;0.0405;0.115;0.315;0.505;1.0;1.0;0.215;0.135;0.024;0.0155;0.0095
01-14-2025 20:00;1736884803;0.0085;0.0195;0.0205;0.0425;0.115;0.325;0.495;1.0;1.0;0.23;0.14;0.027;0.015;0.0095
01-14-2025 21:00;1736888403;0.007;0.0195;0.0225;0.043;0.115;0.32;0.495;1.0;1.0;0.23;0.14;0.029;0.015;0.0095
01-14-2025 22:00;1736892003;0.0065;0.0185;0.0195;0.043;0.115;0.305;0.475;1.0;1.0;0.235;0.14;0.0235;0.015;0.0095
01-14-2025 23:00;1736895603;0.006;0.0185;0.02;0.043;0.115;0.315;0.475;1.0;1.0;0.225;0.135;0.024;0.015;0.0095
01-15-2025 00:00;1736899203;0.006;0.0185;0.0215;0.0435;0.115;0.305;0.455;1.0;1.0;0.225;0.135;0.025;0.015;0.0095
01-15-2025 01:00;1736902803;0.006;0.0185;0.021;0.0445;0.115;0.325;0.495;1.0;1.0;0.215;0.135;0.026;0.015;0.0095
01-15-2025 02:00;1736906403;0.006;0.0185;0.0215;0.0445;0.12;0.34;0.505;1.0;1.0;0.225;0.125;0.0275;0.015;0.0095
01-15-2025 03:00;1736910003;0.0065;0.017;0.023;0.0445;0.115;0.315;0.48;1.0;1.0;0.225;0.125;0.027;0.015;0.01
01-15-2025 04:00;1736913604;0.0065;0.017;0.023;0.046;0.12;0.325;0.49;1.0;1.0;0.23;0.125;0.026;0.015;0.01
01-15-2025 05:00;1736917203;0.0065;0.016;0.0245;0.0455;0.125;0.335;0.515;1.0;1.0;0.215;0.13;0.026;0.015;0.01
01-15-2025 06:00;1736920804;0.0065;0.016;0.0275;0.0445;0.12;0.325;0.51;1.0;1.0;0.23;0.125;0.024;0.015;0.0095
01-15-2025 07:00;1736924404;0.0065;0.015;0.0255;0.0425;0.115;0.325;0.52;1.0;1.0;0.23;0.13;0.023;0.015;0.0095
01-15-2025 08:00;1736928003;0.006;0.0145;0.024;0.043;0.115;0.335;0.535;1.0;1.0;0.225;0.125;0.0275;0.015;0.0095
01-15-2025 09:00;1736931603;0.0055;0.011;0.019;0.042;0.115;0.335;0.535;1.0;1.0;0.215;0.125;0.027;0.015;0.0095
01-15-2025 10:00;1736935203;0.006;0.01;0.019;0.0415;0.105;0.305;0.515;1.0;1.0;0.22;0.13;0.0275;0.0185;0.0095
01-15-2025 11:00;1736938803;0.0075;0.012;0.025;0.0425;0.115;0.315;0.495;1.0;1.0;0.22;0.125;0.027;0.0185;0.0095
01-15-2025 12:00;1736942403;0.006;0.0115;0.0245;0.0425;0.115;0.3;0.485;1.0;1.0;0.23;0.135;0.027;0.0185;0.0095
01-15-2025 13:00;1736946003;0.006;0.0155;0.0245;0.045;0.115;0.305;0.495;1.0;1.0;0.225;0.125;0.0315;0.0185;0.0095
01-15-2025 14:00;1736949603;0.0065;0.016;0.0245;0.0515;0.12;0.375;0.585;1.0;1.0;0.18;0.095;0.0285;0.0185;0.0095
01-15-2025 15:00;1736953203;0.0085;0.028;0.0315;0.0535;0.125;0.385;0.615;1.0;1.0;0.165;0.085;0.0235;0.017;0.009
01-15-2025 16:00;1736956804;0.0095;0.0245;0.031;0.0545;0.135;0.375;0.605;1.0;1.0;0.155;0.085;0.0235;0.017;0.009
01-15-2025 17:00;1736960403;0.01;0.0245;0.0305;0.057;0.135;0.37;0.615;1.0;1.0;0.155;0.085;0.023;0.017;0.009
01-15-2025 18:00;1736964003;0.01;0.019;0.034;0.0585;0.145;0.365;0.595;1.0;1.0;0.165;0.085;0.024;0.0175;0.009
01-15-2025 19:00;1736967604;0.01;0.019;0.035;0.0585;0.145;0.365;0.625;1.0;1.0;0.13;0.085;0.0255;0.016;0.011
01-15-2025 20:00;1736971204;0.01;0.022;0.036;0.059;0.145;0.395;0.645;1.0;1.0;0.135;0.085;0.025;0.0155;0.011
01-15-2025 21:00;1736974803;0.0085;0.022;0.0345;0.0595;0.155;0.385;0.61;1.0;1.0;0.165;0.08;0.022;0.016;0.011
01-15-2025 22:00;1736978403;0.0095;0.0225;0.0365;0.0585;0.145;0.385;0.615;1.0;1.0;0.145;0.085;0.022;0.016;0.008
01-15-2025 23:00;1736982003;0.0085;0.0225;0.0375;0.0585;0.145;0.385;0.615;1.0;1.0;0.145;0.085;0.022;0.016;0.0085
01-16-2025 00:00;1736985604;0.009;0.0275;0.0375;0.0565;0.145;0.415;0.66;1.0;1.0;0.135;0.075;0.022;0.016;0.0085
01-16-2025 01:00;1736989204;0.009;0.024;0.0365;0.055;0.145;0.385;0.635;1.0;1.0;0.145;0.08;0.0205;0.016;0.0085
01-16-2025 02:00;1736992804;0.0085;0.023;0.038;0.055;0.145;0.405;0.645;1.0;1.0;0.155;0.075;0.0205;0.016;0.0085
01-16-2025 03:00;1736996404;0.0085;0.0225;0.037;0.053;0.145;0.385;0.605;1.0;1.0;0.155;0.08;0.0205;0.016;0.009
01-16-2025 04:00;1737000003;0.008;0.023;0.0375;0.057;0.135;0.365;0.605;1.0;1.0;0.165;0.08;0.0205;0.016;0.0085
01-16-2025 05:00;1737003603;0.0085;0.026;0.037;0.056;0.135;0.365;0.645;1.0;1.0;0.155;0.085;0.0205;0.016;0.0085
01-16-2025 06:00;1737007203;0.0075;0.024;0.037;0.0575;0.135;0.365;0.635;1.0;1.0;0.16;0.085;0.022;0.016;0.0095
01-16-2025 07:00;1737010804;0.007;0.0255;0.0365;0.0555;0.135;0.395;0.635;1.0;1.0;0.155;0.085;0.022;0.0155;0.009
01-16-2025 08:00;1737014403;0.007;0.0245;0.0365;0.055;0.135;0.385;0.635;1.0;1.0;0.155;0.085;0.021;0.0155;0.0085
01-16-2025 09:00;1737018004;0.007;0.025;0.033;0.0515;0.13;0.355;0.6;1.0;1.0;0.175;0.09;0.027;0.0155;0.008
01-16-2025 10:00;1737021604;0.0075;0.0255;0.031;0.0485;0.125;0.355;0.635;1.0;1.0;0.165;0.09;0.0315;0.0155;0.008
01-16-2025 11:00;1737025203;0.007;0.024;0.0325;0.0565;0.13;0.375;0.635;1.0;1.0;0.165;0.09;0.03;0.0155;0.008
01-16-2025 12:00;1737028803;0.007;0.024;0.027;0.056;0.135;0.375;0.635;1.0;1.0;0.165;0.09;0.023;0.0155;0.008
01-16-2025 13:00;1737032404;0.007;0.024;0.027;0.0575;0.135;0.375;0.645;1.0;1.0;0.16;0.09;0.023;0.0155;0.008
01-16-2025 14:00;1737036004;0.008;0.0255;0.027;0.0575;0.125;0.375;0.635;1.0;1.0;0.16;0.085;0.025;0.0155;0.008
01-16-2025 15:00;1737039604;0.009;0.021;0.0235;0.05;0.115;0.31;0.545;1.0;1.0;0.205;0.115;0.032;0.0155;0.0085
01-16-2025 16:00;1737043203;0.009;0.02;0.025;0.054;0.115;0.38;0.615;1.0;1.0;0.17;0.095;0.027;0.015;0.008
01-16-2025 17:00;1737046803;0.0085;0.022;0.0255;0.0535;0.125;0.38;0.625;1.0;1.0;0.165;0.085;0.021;0.008;0.0065
01-16-2025 18:00;1737050404;0.0085;0.0215;0.0275;0.057;0.135;0.405;0.665;1.0;1.0;0.155;0.075;0.022;0.0085;0.0065
01-16-2025 19:00;1737054004;0.009;0.0225;0.0265;0.057;0.13;0.385;0.635;1.0;1.0;0.16;0.075;0.021;0.0085;0.008
01-16-2025 20:00;1737057604;0.009;0.0235;0.032;0.059;0.145;0.425;0.675;1.0;1.0;0.155;0.075;0.021;0.011;0.007
01-16-2025 21:00;1737061203;0.0085;0.0215;0.0335;0.0615;0.145;0.43;0.695;1.0;1.0;0.155;0.075;0.0235;0.0105;0.007
01-16-2025 22:00;1737064803;0.0085;0.021;0.033;0.059;0.145;0.415;0.685;1.0;1.0;0.165;0.085;0.0235;0.01;0.007
01-16-2025 23:00;1737068404;0.0085;0.021;0.033;0.054;0.135;0.395;0.645;1.0;1.0;0.165;0.085;0.022;0.01;0.007
01-17-2025 00:00;1737072004;0.0085;0.021;0.033;0.0575;0.135;0.405;0.675;1.0;1.0;0.165;0.085;0.0215;0.01;0.007
01-17-2025 01:00;1737075604;0.004;0.021;0.033;0.0575;0.14;0.42;0.685;1.0;1.0;0.155;0.075;0.0215;0.01;0.007
01-17-2025 02:00;1737079204;0.007;0.021;0.034;0.0595;0.165;0.475;0.77;1.0;1.0;0.14;0.075;0.021;0.01;0.007
01-17-2025 03:00;1737082804;0.0065;0.0215;0.034;0.061;0.165;0.435;0.765;1.0;1.0;0.135;0.075;0.021;0.0095;0.0065
01-17-2025 04:00;1737086404;0.0045;0.0195;0.0345;0.061;0.165;0.445;0.755;1.0;1.0;0.135;0.075;0.021;0.0095;0.0065
01-17-2025 05:00;1737090004;0.0035;0.0215;0.0345;0.0625;0.17;0.445;0.775;1.0;1.0;0.135;0.075;0.021;0.0095;0.0065
01-17-2025 06:00;1737093603;0.0035;0.0215;0.0345;0.063;0.175;0.465;0.775;1.0;1.0;0.135;0.075;0.021;0.0095;0.0065
01-17-2025 07:00;1737097203;0.0075;0.0215;0.0335;0.0625;0.175;0.465;0.765;1.0;1.0;0.135;0.07;0.022;0.009;0.006
01-17-2025 08:00;1737100803;0.008;0.0225;0.0335;0.0625;0.175;0.475;0.785;1.0;1.0;0.135;0.065;0.0255;0.009;0.0065
01-17-2025 09:00;1737104404;0.008;0.023;0.0345;0.0635;0.185;0.485;0.795;1.0;1.0;0.13;0.065;0.0235;0.0095;0.006
01-17-2025 10:00;1737108003;0.0075;0.026;0.0345;0.0655;0.185;0.505;0.765;1.0;1.0;0.135;0.065;0.0235;0.0095;0.006
01-17-2025 11:00;1737111604;0.007;0.0265;0.0335;0.062;0.185;0.525;0.8;1.0;1.0;0.125;0.065;0.021;0.0095;0.006
01-17-2025 12:00;1737115204;0.0055;0.027;0.0335;0.063;0.185;0.505;0.795;1.0;1.0;0.125;0.065;0.023;0.0085;0.006
01-17-2025 13:00;1737118804;0.005;0.027;0.0335;0.0685;0.185;0.535;0.825;1.0;1.0;0.11;0.065;0.023;0.008;0.006
01-17-2025 14:00;1737122404;0.0065;0.027;0.0335;0.0675;0.195;0.515;0.825;1.0;1.0;0.115;0.065;0.0215;0.008;0.0045
01-17-2025 15:00;1737126004;0.008;0.027;0.0365;0.0705;0.2;0.545;0.875;1.0;1.0;0.115;0.065;0.021;0.008;0.0045
01-17-2025 16:00;1737129603;0.008;0.0255;0.0405;0.078;0.215;0.575;0.915;1.0;1.0;0.085;0.045;0.0195;0.008;0.0055
01-17-2025 17:00;1737133203;0.0085;0.0255;0.0415;0.0815;0.235;0.63;0.9995;1.0;1.0;0.07;0.0365;0.018;0.008;0.0055
01-17-2025 18:00;1737136804;0.0095;0.025;0.0425;0.0805;0.23;0.605;0.9995;1.0;1.0;0.075;0.037;0.0175;0.0075;0.0045
01-17-2025 19:00;1737140403;0.0085;0.029;0.0415;0.083;0.235;0.64;0.9995;1.0;1.0;0.09;0.037;0.02;0.0075;0.0055
01-17-2025 20:00;1737144003;0.0085;0.033;0.0455;0.1075;0.26;0.705;1.0;1.0;1.0;0.085;0.0375;0.019;0.0075;0.0055
01-17-2025 21:00;1737147604;0.0095;0.0315;0.045;0.0885;0.23;0.665;1.0;1.0;1.0;0.09;0.0375;0.02;0.0045;0.0055
01-17-2025 22:00;1737151203;0.0095;0.0325;0.046;0.0875;0.24;0.66;1.0;1.0;1.0;0.1;0.046;0.0195;0.0045;0.0055
01-17-2025 23:00;1737154804;0.0095;0.029;0.043;0.082;0.22;0.635;1.0;1.0;1.0;0.095;0.0465;0.0195;0.0045;0.0055
01-18-2025 00:00;1737158404;0.0095;0.0275;0.0415;0.0825;0.21;0.625;1.0;1.0;1.0;0.095;0.0455;0.0195;0.004;0.0045
01-18-2025 01:00;1737162004;0.0095;0.0255;0.0415;0.0825;0.22;0.63;1.0;1.0;1.0;0.095;0.044;0.0205;0.004;0.003
01-18-2025 02:00;1737165604;0.009;0.0275;0.044;0.0855;0.22;0.61;1.0;1.0;1.0;0.095;0.0375;0.02;0.004;0.003
01-18-2025 03:00;1737169204;0.01;0.0265;0.044;0.087;0.215;0.62;1.0;1.0;1.0;0.095;0.044;0.0195;0.0045;0.0035
01-18-2025 04:00;1737172804;0.009;0.0255;0.041;0.082;0.2;0.565;1.0;1.0;1.0;0.095;0.0455;0.0195;0.0045;0.004
01-18-2025 05:00;1737176403;0.0075;0.029;0.0395;0.084;0.195;0.555;1.0;1.0;1.0;0.095;0.0475;0.0195;0.004;0.004
01-18-2025 06:00;1737180003;0.007;0.029;0.037;0.0755;0.205;0.55;1.0;1.0;1.0;0.105;0.048;0.0195;0.004;0.004
01-18-2025 07:00;1737183603;0.0065;0.029;0.044;0.075;0.21;0.585;1.0;1.0;1.0;0.1;0.0455;0.0195;0.004;0.005
01-18-2025 08:00;1737187203;0.0055;0.0255;0.0395;0.072;0.205;0.545;1.0;1.0;1.0;0.105;0.046;0.0195;0.0035;0.0045
01-18-2025 09:00;1737190803;0.0045;0.027;0.0385;0.072;0.195;0.565;1.0;1.0;1.0;0.085;0.0485;0.0195;0.0035;0.0045
01-18-2025 10:00;1737194403;0.0065;0.028;0.0395;0.072;0.195;0.56;1.0;1.0;1.0;0.085;0.0405;0.0195;0.0035;0.0055
01-18-2025 11:00;1737198004;0.007;0.0285;0.0385;0.072;0.2;0.54;1.0;1.0;1.0;0.095;0.042;0.021;0.004;0.005
01-18-2025 12:00;1737201603;0.007;0.028;0.039;0.0745;0.205;0.575;1.0;1.0;1.0;0.1;0.0415;0.0205;0.0045;0.0055
01-18-2025 13:00;1737205204;0.007;0.0275;0.0395;0.0785;0.215;0.56;1.0;1.0;1.0;0.095;0.047;0.023;0.006;0.0055
01-18-2025 14:00;1737208804;0.007;0.029;0.0405;0.079;0.225;0.605;1.0;1.0;1.0;0.095;0.0455;0.0205;0.0065;0.005
01-18-2025 15:00;1737212403;0.006;0.029;0.041;0.079;0.235;0.59;1.0;1.0;1.0;0.085;0.045;0.021;0.0065;0.0035
01-18-2025 16:00;1737216004;0.0055;0.029;0.043;0.0825;0.25;0.645;1.0;1.0;1.0;0.085;0.045;0.0205;0.0065;0.0035
01-18-2025 17:00;1737219604;0.006;0.0265;0.041;0.075;0.235;0.555;1.0;1.0;1.0;0.105;0.0495;0.021;0.0065;0.0035
01-18-2025 18:00;1737223204;0.007;0.0265;0.0405;0.0755;0.23;0.595;1.0;1.0;1.0;0.1;0.043;0.0205;0.0065;0.0035
01-18-2025 19:00;1737226804;0.0145;0.0265;0.045;0.077;0.23;0.6;1.0;1.0;1.0;0.095;0.044;0.022;0.0065;0.0035
01-18-2025 20:00;1737230404;0.012;0.026;0.0395;0.077;0.24;0.595;1.0;1.0;1.0;0.09;0.0395;0.0225;0.0065;0.0035
01-18-2025 21:00;1737234004;0.0135;0.033;0.0395;0.079;0.235;0.585;1.0;1.0;1.0;0.09;0.043;0.0215;0.0065;0.0035
01-18-2025 22:00;1737237604;0.0115;0.034;0.051;0.0775;0.235;0.59;1.0;1.0;1.0;0.1;0.0425;0.0215;0.006;0.0035
01-18-2025 23:00;1737241204;0.0125;0.0335;0.0515;0.0825;0.245;0.625;1.0;1.0;1.0;0.09;0.0425;0.0215;0.0045;0.0035
01-19-2025 00:00;1737244804;0.012;0.034;0.051;0.085;0.245;0.64;1.0;1.0;1.0;0.085;0.0395;0.0215;0.0045;0.0035
01-19-2025 01:00;1737248403;0.0125;0.0345;0.0505;0.0825;0.24;0.62;1.0;1.0;1.0;0.09;0.0415;0.0215;0.0045;0.0035
01-19-2025 02:00;1737252004;0.014;0.035;0.0525;0.0825;0.25;0.62;1.0;1.0;1.0;0.09;0.0405;0.0215;0.0045;0.0035
01-19-2025 03:00;1737255604;0.014;0.0355;0.0525;0.092;0.26;0.655;1.0;1.0;1.0;0.085;0.0395;0.0215;0.0045;0.0035
01-19-2025 04:00;1737259203;0.012;0.036;0.052;0.0915;0.255;0.65;1.0;1.0;1.0;0.1;0.044;0.0215;0.0055;0.0035
01-19-2025 05:00;1737262803;0.012;0.0345;0.0505;0.088;0.26;0.65;1.0;1.0;1.0;0.095;0.054;0.0215;0.0055;0.003
01-19-2025 06:00;1737266404;0.012;0.0355;0.052;0.092;0.265;0.635;1.0;1.0;1.0;0.065;0.054;0.0215;0.0055;0.005
01-19-2025 07:00;1737270003;0.0135;0.031;0.0565;0.1005;0.27;0.69;1.0;1.0;1.0;0.065;0.0525;0.021;0.006;0.004
01-19-2025 08:00;1737273604;0.0155;0.0305;0.0545;0.101;0.275;0.655;1.0;1.0;1.0;0.065;0.0535;0.0215;0.006;0.004
01-19-2025 09:00;1737277203;0.013;0.0345;0.056;0.101;0.26;0.605;1.0;1.0;1.0;0.075;0.054;0.017;0.006;0.0035
01-19-2025 10:00;1737280804;0.0135;0.033;0.0505;0.1025;0.28;0.64;1.0;1.0;1.0;0.07;0.0575;0.0175;0.006;0.0035
01-19-2025 11:00;1737284403;0.013;0.0335;0.052;0.1145;0.285;0.645;1.0;1.0;1.0;0.075;0.047;0.0185;0.006;0.0025
01-19-2025 12:00;1737288003;0.013;0.0335;0.054;0.11;0.275;0.625;1.0;1.0;1.0;0.08;0.0565;0.0185;0.006;0.0025
01-19-2025 13:00;1737291604;0.0155;0.0315;0.0535;0.1125;0.285;0.67;1.0;1.0;1.0;0.075;0.0585;0.0215;0.006;0.0035
01-19-2025 14:00;1737295203;0.0175;0.0315;0.058;0.1165;0.285;0.675;1.0;1.0;1.0;0.075;0.0685;0.0235;0.0055;0.009
01-19-2025 15:00;1737298803;0.0155;0.0345;0.0575;0.1155;0.285;0.67;1.0;1.0;1.0;0.075;0.055;0.0235;0.005;0.009
01-19-2025 16:00;1737302403;0.015;0.034;0.0585;0.113;0.285;0.655;1.0;1.0;1.0;0.075;0.0555;0.0235;0.005;0.0065
01-19-2025 17:00;1737306003;0.015;0.0395;0.0595;0.112;0.285;0.655;1.0;1.0;1.0;0.075;0.0535;0.023;0.005;0.0065
01-19-2025 18:00;1737309604;0.015;0.0345;0.0565;0.108;0.285;0.66;1.0;1.0;1.0;0.075;0.057;0.0225;0.005;0.005
01-19-2025 19:00;1737313204;0.0145;0.037;0.0575;0.108;0.295;0.665;1.0;1.0;1.0;0.075;0.0545;0.0255;0.0055;0.0035
01-19-2025 20:00;1737316804;0.014;0.0365;0.061;0.1195;0.325;0.715;1.0;1.0;1.0;0.065;0.05;0.0255;0.0055;0.0035
01-19-2025 21:00;1737320403;0.01;0.0365;0.0615;0.133;0.335;0.735;1.0;1.0;1.0;0.065;0.046;0.0215;0.006;0.0065
01-19-2025 22:00;1737324003;0.014;0.036;0.0545;0.102;0.26;0.6;1.0;1.0;1.0;0.085;0.0575;0.026;0.006;0.006
01-19-2025 23:00;1737327603;0.014;0.033;0.051;0.086;0.215;0.535;1.0;1.0;1.0;0.1;0.0585;0.0265;0.007;0.006
01-20-2025 00:00;1737331204;0.014;0.0315;0.0395;0.078;0.195;0.46;1.0;1.0;1.0;0.13;0.067;0.0275;0.0075;0.007
01-20-2025 01:00;1737334804;0.0135;0.0315;0.0385;0.0775;0.155;0.415;1.0;1.0;1.0;0.16;0.088;0.0335;0.008;0.007
01-20-2025 02:00;1737338404;0.0135;0.0285;0.04;0.084;0.175;0.425;1.0;1.0;1.0;0.135;0.079;0.0275;0.0075;0.007
01-20-2025 03:00;1737342003;0.013;0.0275;0.044;0.088;0.225;0.515;1.0;1.0;1.0;0.105;0.065;0.0235;0.007;0.007
01-20-2025 04:00;1737345604;0.013;0.0255;0.046;0.081;0.205;0.485;1.0;1.0;1.0;0.11;0.067;0.024;0.007;0.007
01-20-2025 05:00;1737349203;0.013;0.0265;0.046;0.0845;0.225;0.5;1.0;1.0;1.0;0.105;0.064;0.0245;0.007;0.007
01-20-2025 06:00;1737352804;0.014;0.033;0.0455;0.092;0.24;0.515;1.0;1.0;1.0;0.11;0.059;0.0245;0.007;0.007
01-20-2025 07:00;1737356404;0.014;0.0415;0.065;0.145;0.38;0.8;1.0;1.0;1.0;0.06;0.033;0.0215;0.007;0.005
01-20-2025 08:00;1737360004;0.0125;0.0505;0.078;0.132;0.355;0.805;1.0;1.0;1.0;0.075;0.0465;0.0195;0.007;0.005
01-20-2025 09:00;1737363603;0.014;0.0575;0.0925;0.148;0.385;0.865;1.0;1.0;1.0;0.08;0.0455;0.0215;0.007;0.0065
01-20-2025 10:00;1737367203;0.022;0.0985;0.0995;0.164;0.395;0.875;1.0;1.0;1.0;0.085;0.0475;0.023;0.01;0.0055
01-20-2025 11:00;1737370803;0.022;0.0605;0.0905;0.1615;0.405;0.865;1.0;1.0;1.0;0.09;0.047;0.029;0.01;0.0055
01-20-2025 12:00;1737374404;0.018;0.057;0.096;0.174;0.4;0.88;1.0;1.0;1.0;0.085;0.054;0.025;0.0105;0.007
01-20-2025 13:00;1737378003;0.018;0.0585;0.0845;0.1575;0.395;0.815;1.0;1.0;1.0;0.095;0.058;0.0255;0.0105;0.0065
01-20-2025 14:00;1737381603;0.019;0.058;0.095;0.168;0.43;0.905;1.0;1.0;1.0;0.09;0.0545;0.026;0.0105;0.0065
01-20-2025 15:00;1737385203;0.02;0.055;0.0835;0.1505;0.415;0.895;1.0;1.0;1.0;0.085;0.0485;0.0255;0.0105;0.0065
01-20-2025 16:00;1737388803;0.0245;0.0405;0.0515;0.09;0.305;0.725;1.0;1.0;1.0;0.12;0.0645;0.028;0.0105;0.006
01-20-2025 17:00;1737392403;0.0195;0.0405;0.0595;0.1195;0.395;0.835;1.0;1.0;1.0;0.1;0.059;0.03;0.0105;0.007
01-20-2025 18:00;1737396003;0.009;0.041;0.0515;0.088;0.29;0.605;1.0;1.0;1.0;0.13;0.086;0.036;0.0115;0.006
01-20-2025 19:00;1737399603;0.009;0.0365;0.0565;0.0775;0.285;0.665;1.0;1.0;1.0;0.115;0.078;0.0345;0.009;0.008
01-20-2025 20:00;1737403203;0.0085;0.0275;0.0575;0.082;0.275;0.625;1.0;1.0;1.0;0.11;0.0745;0.034;0.009;0.008
01-20-2025 21:00;1737406803;0.008;0.0245;0.051;0.0805;0.255;0.615;1.0;1.0;1.0;0.105;0.0615;0.0305;0.006;0.008
01-20-2025 22:00;1737410403;0.0075;0.0245;0.037;0.074;0.235;0.575;1.0;1.0;1.0;0.11;0.0695;0.03;0.007;0.0065
01-20-2025 23:00;1737414003;0.0085;0.0245;0.042;0.083;0.255;0.585;1.0;1.0;1.0;0.1;0.0685;0.0295;0.0065;0.0065
01-21-2025 00:00;1737417603;0.0065;0.023;0.032;0.067;0.23;0.515;1.0;1.0;1.0;0.12;0.068;0.027;0.0065;0.006
01-21-2025 01:00;1737421204;0.007;0.0235;0.0345;0.0675;0.175;0.455;1.0;1.0;1.0;0.125;0.074;0.028;0.0065;0.006
01-21-2025 02:00;1737424803;0.0075;0.0185;0.036;0.06;0.175;0.465;1.0;1.0;1.0;0.125;0.0715;0.031;0.0065;0.006
01-21-2025 03:00;1737428403;0.0065;0.018;0.038;0.0615;0.205;0.515;1.0;1.0;1.0;0.12;0.064;0.033;0.0065;0.006
01-21-2025 04:00;1737432003;0.0065;0.018;0.037;0.054;0.205;0.54;1.0;1.0;1.0;0.11;0.0625;0.0305;0.0065;0.0055
01-21-2025 05:00;1737435603;0.0065;0.019;0.0365;0.051;0.195;0.505;1.0;1.0;1.0;0.135;0.066;0.032;0.006;0.0055
01-21-2025 06:00;1737439203;0.0065;0.019;0.036;0.053;0.17;0.455;1.0;1.0;1.0;0.14;0.0655;0.034;0.006;0.0055
01-21-2025 07:00;1737442803;0.0045;0.016;0.0355;0.048;0.175;0.465;1.0;1.0;1.0;0.13;0.065;0.033;0.006;0.0055
01-21-2025 08:00;1737446404;0.0035;0.013;0.0355;0.05;0.165;0.395;1.0;1.0;1.0;0.13;0.059;0.0335;0.006;0.0055
01-21-2025 09:00;1737450003;0.0035;0.012;0.036;0.0495;0.165;0.44;1.0;1.0;1.0;0.12;0.059;0.032;0.0055;0.005
01-21-2025 10:00;1737453603;0.0035;0.0155;0.037;0.0535;0.165;0.425;1.0;1.0;1.0;0.11;0.0535;0.032;0.0055;0.005
01-21-2025 11:00;1737457203;0.0045;0.0165;0.0375;0.056;0.175;0.46;1.0;1.0;1.0;0.1;0.056;0.033;0.0055;0.0055
01-21-2025 12:00;1737460803;0.004;0.019;0.041;0.0645;0.225;0.505;1.0;1.0;1.0;0.1;0.057;0.0325;0.0055;0.005
01-21-2025 13:00;1737464403;0.004;0.013;0.0405;0.0735;0.205;0.535;1.0;1.0;1.0;0.09;0.0395;0.0255;0.0055;0.005
01-21-2025 14:00;1737468003;0.005;0.015;0.0375;0.071;0.205;0.575;1.0;1.0;1.0;0.085;0.045;0.0245;0.0055;0.0045
01-21-2025 15:00;1737471603;0.0055;0.0145;0.0295;0.0605;0.165;0.505;1.0;1.0;1.0;0.1;0.0495;0.025;0.006;0.0065
01-21-2025 16:00;1737475203;0.0065;0.0165;0.035;0.0565;0.18;0.515;1.0;1.0;1.0;0.09;0.045;0.0275;0.006;0.006
01-21-2025 17:00;1737478803;0.0065;0.0185;0.037;0.0775;0.225;0.615;1.0;1.0;1.0;0.08;0.039;0.024;0.0065;0.0055
01-21-2025 18:00;1737482404;0.0065;0.017;0.0315;0.0865;0.265;0.655;1.0;1.0;1.0;0.075;0.0375;0.0245;0.006;0.0055
01-21-2025 19:00;1737486003;0.0105;0.021;0.036;0.0875;0.275;0.715;1.0;1.0;1.0;0.065;0.035;0.0245;0.0055;0.0055
01-21-2025 20:00;1737489603;0.009;0.021;0.0325;0.091;0.245;0.715;1.0;1.0;1.0;0.065;0.0345;0.0245;0.005;0.0055
01-21-2025 21:00;1737493205;0.009;0.0175;0.025;0.0805;0.235;0.665;1.0;1.0;1.0;0.065;0.038;0.0245;0.005;0.005
01-21-2025 22:00;1737496804;0.0065;0.0205;0.032;0.0795;0.245;0.695;1.0;1.0;1.0;0.07;0.0375;0.023;0.005;0.005
01-21-2025 23:00;1737500404;0.0065;0.0185;0.0305;0.0735;0.225;0.655;1.0;1.0;1.0;0.075;0.044;0.028;0.0055;0.005
01-22-2025 00:00;1737504003;0.0065;0.0195;0.0305;0.069;0.24;0.645;1.0;1.0;1.0;0.09;0.042;0.028;0.005;0.005
01-22-2025 01:00;1737507604;0.0065;0.016;0.027;0.0675;0.235;0.645;1.0;1.0;1.0;0.085;0.0385;0.0245;0.005;0.005
01-22-2025 02:00;1737511203;0.0065;0.0165;0.026;0.055;0.225;0.625;1.0;1.0;1.0;0.075;0.0365;0.019;0.005;0.005
01-22-2025 03:00;1737514803;0.0055;0.0165;0.021;0.058;0.215;0.615;1.0;1.0;1.0;0.075;0.0345;0.0215;0.005;0.005
01-22-2025 04:00;1737518404;0.0055;0.015;0.022;0.0535;0.175;0.595;1.0;1.0;1.0;0.075;0.0335;0.02;0.005;0.0055
01-22-2025 05:00;1737522004;0.005;0.016;0.021;0.0515;0.175;0.585;1.0;1.0;1.0;0.075;0.0335;0.019;0.005;0.005
01-22-2025 06:00;1737525604;0.0045;0.0125;0.0195;0.0485;0.165;0.595;1.0;1.0;1.0;0.075;0.033;0.0175;0.005;0.0055
01-22-2025 07:00;1737529205;0.0055;0.011;0.0185;0.0415;0.155;0.585;1.0;1.0;1.0;0.075;0.033;0.0195;0.005;0.005
01-22-2025 08:00;1737532804;0.0045;0.0125;0.0175;0.041;0.155;0.575;1.0;1.0;1.0;0.075;0.032;0.0155;0.005;0.005
01-22-2025 09:00;1737536404;0.004;0.0115;0.018;0.039;0.175;0.595;1.0;1.0;1.0;0.075;0.0275;0.0155;0.005;0.004
01-22-2025 10:00;1737540003;0.0045;0.0115;0.0175;0.047;0.165;0.575;1.0;1.0;1.0;0.075;0.03;0.016;0.005;0.004
01-22-2025 11:00;1737543604;0.0045;0.0135;0.0185;0.042;0.165;0.575;1.0;1.0;1.0;0.075;0.0305;0.016;0.0045;0.0035
01-22-2025 12:00;1737547203;0.0045;0.012;0.0185;0.037;0.175;0.595;1.0;1.0;1.0;0.075;0.0335;0.015;0.0045;0.0035
01-22-2025 13:00;1737550805;0.005;0.0125;0.019;0.0345;0.18;0.615;1.0;1.0;1.0;0.065;0.035;0.015;0.0045;0.0035
01-22-2025 14:00;1737554404;0.005;0.0135;0.018;0.033;0.155;0.51;1.0;1.0;1.0;0.065;0.0255;0.0135;0.0045;0.003
01-22-2025 15:00;1737558003;0.004;0.012;0.0155;0.0345;0.15;0.53;1.0;1.0;1.0;0.06;0.0255;0.0075;0.008;0.003
01-22-2025 16:00;1737561604;0.004;0.013;0.013;0.0325;0.145;0.525;1.0;1.0;1.0;0.055;0.026;0.0085;0.0065;0.003
01-22-2025 17:00;1737565204;0.0045;0.0145;0.0125;0.034;0.105;0.495;1.0;1.0;1.0;0.065;0.0265;0.0085;0.0065;0.0025
01-22-2025 18:00;1737568804;0.005;0.0125;0.0125;0.033;0.125;0.545;1.0;1.0;1.0;0.06;0.0265;0.011;0.006;0.0025
01-22-2025 19:00;1737572403;0.0045;0.012;0.012;0.0305;0.135;0.525;1.0;1.0;1.0;0.06;0.0265;0.0115;0.005;0.0025
01-22-2025 20:00;1737576004;0.0045;0.012;0.012;0.0325;0.145;0.555;1.0;1.0;1.0;0.045;0.025;0.012;0.005;0.003
01-22-2025 21:00;1737579604;0.005;0.012;0.0125;0.0265;0.13;0.505;1.0;1.0;1.0;0.065;0.0235;0.012;0.006;0.003
01-22-2025 22:00;1737583204;0.005;0.0125;0.0125;0.023;0.095;0.485;1.0;1.0;1.0;0.045;0.025;0.012;0.006;0.003
01-22-2025 23:00;1737586804;0.0045;0.0115;0.0125;0.019;0.095;0.465;1.0;1.0;1.0;0.055;0.024;0.012;0.0045;0.003
01-23-2025 00:00;1737590404;0.0045;0.0095;0.0125;0.02;0.09;0.455;1.0;1.0;1.0;0.06;0.0245;0.0125;0.0045;0.003
01-23-2025 01:00;1737594004;0.0045;0.0085;0.0125;0.018;0.095;0.43;1.0;1.0;1.0;0.045;0.025;0.012;0.0045;0.003
01-23-2025 02:00;1737597603;0.0045;0.0095;0.01;0.0185;0.08;0.395;1.0;1.0;1.0;0.055;0.034;0.012;0.005;0.003
01-23-2025 03:00;1737601205;0.004;0.009;0.011;0.023;0.085;0.385;1.0;1.0;1.0;0.06;0.038;0.012;0.0045;0.0025
01-23-2025 04:00;1737604804;0.0045;0.0085;0.0105;0.0215;0.09;0.375;1.0;1.0;1.0;0.065;0.046;0.012;0.0045;0.0025
01-23-2025 05:00;1737608404;0.0035;0.0075;0.0105;0.0185;0.085;0.325;1.0;1.0;1.0;0.075;0.0445;0.0135;0.0035;0.0025
01-23-2025 06:00;1737612003;0.0035;0.008;0.0095;0.0185;0.085;0.365;1.0;1.0;1.0;0.065;0.043;0.0135;0.0035;0.0025
01-23-2025 07:00;1737615604;0.004;0.0075;0.0065;0.019;0.095;0.365;1.0;1.0;1.0;0.065;0.039;0.014;0.0035;0.0025
01-23-2025 08:00;1737619204;0.004;0.0085;0.008;0.0195;0.105;0.375;1.0;1.0;1.0;0.06;0.027;0.0125;0.0035;0.0025
01-23-2025 09:00;1737622804;0.0045;0.0085;0.009;0.018;0.095;0.355;1.0;1.0;1.0;0.06;0.028;0.014;0.0035;0.002
01-23-2025 10:00;1737626404;0.0045;0.012;0.012;0.021;0.105;0.325;1.0;1.0;1.0;0.07;0.0325;0.013;0.0035;0.002
01-23-2025 11:00;1737630003;0.0045;0.0085;0.0125;0.0245;0.095;0.33;1.0;1.0;1.0;0.075;0.043;0.013;0.0035;0.0015
01-23-2025 12:00;1737633604;0.0045;0.0085;0.0125;0.022;0.105;0.35;1.0;1.0;1.0;0.065;0.0435;0.0125;0.0035;0.0015
01-23-2025 13:00;1737637203;0.0045;0.0085;0.0125;0.02;0.1;0.325;1.0;1.0;1.0;0.075;0.039;0.0125;0.0035;0.0015
01-23-2025 14:00;1737640803;0.0055;0.0095;0.013;0.02;0.125;0.365;1.0;1.0;1.0;0.06;0.0335;0.0125;0.0035;0.002
01-23-2025 15:00;1737644403;0.0055;0.0135;0.017;0.0405;0.175;0.555;1.0;1.0;1.0;0.046;0.0315;0.0095;0.0035;0.0025
01-23-2025 16:00;1737648004;0.0055;0.023;0.026;0.0385;0.16;0.53;1.0;1.0;1.0;0.0455;0.0355;0.009;0.0035;0.0025
01-23-2025 17:00;1737651604;0.005;0.0125;0.021;0.0405;0.18;0.575;1.0;1.0;1.0;0.036;0.0265;0.009;0.0035;0.0025
01-23-2025 18:00;1737655204;0.005;0.013;0.017;0.042;0.185;0.61;1.0;1.0;1.0;0.037;0.0335;0.0085;0.0035;0.0025
01-23-2025 19:00;1737658803;0.0055;0.0135;0.017;0.0345;0.165;0.56;1.0;1.0;1.0;0.0345;0.03;0.009;0.003;0.0025
01-23-2025 20:00;1737662404;0.0045;0.011;0.0135;0.032;0.115;0.445;1.0;1.0;1.0;0.0505;0.034;0.009;0.0025;0.002
01-23-2025 21:00;1737666004;0.005;0.014;0.014;0.0275;0.105;0.47;1.0;1.0;1.0;0.05;0.036;0.008;0.0025;0.002
01-23-2025 22:00;1737669604;0.005;0.0115;0.0105;0.028;0.1;0.395;1.0;1.0;1.0;0.055;0.037;0.0145;0.0035;0.0035
01-23-2025 23:00;1737673204;0.0045;0.009;0.017;0.031;0.12;0.46;1.0;1.0;1.0;0.053;0.035;0.0155;0.0035;0.0035
01-24-2025 00:00;1737676803;0.0045;0.0105;0.0175;0.0355;0.115;0.435;1.0;1.0;1.0;0.0705;0.0305;0.0155;0.004;0.0035
01-24-2025 01:00;1737680404;0.0045;0.011;0.018;0.033;0.11;0.425;1.0;1.0;1.0;0.0575;0.03;0.015;0.004;0.0035
01-24-2025 02:00;1737684004;0.004;0.0095;0.0185;0.033;0.1;0.405;1.0;1.0;1.0;0.0555;0.0305;0.0145;0.004;0.003
01-24-2025 03:00;1737687605;0.0035;0.0095;0.0125;0.0245;0.095;0.415;1.0;1.0;1.0;0.056;0.03;0.011;0.004;0.003
01-24-2025 04:00;1737691204;0.003;0.011;0.0125;0.0235;0.105;0.465;1.0;1.0;1.0;0.0555;0.0355;0.0115;0.0035;0.003
01-24-2025 05:00;1737694804;0.003;0.0115;0.0145;0.032;0.12;0.525;1.0;1.0;1.0;0.0555;0.0305;0.014;0.0035;0.003
01-24-2025 06:00;1737698404;0.0025;0.0115;0.015;0.034;0.135;0.555;1.0;1.0;1.0;0.041;0.028;0.0105;0.0025;0.003
01-24-2025 07:00;1737702004;0.003;0.0095;0.0175;0.036;0.125;0.535;1.0;1.0;1.0;0.0335;0.0255;0.013;0.003;0.003
01-24-2025 08:00;1737705603;0.003;0.0105;0.0145;0.029;0.13;0.545;1.0;1.0;1.0;0.0315;0.0215;0.013;0.0035;0.003
01-24-2025 09:00;1737709205;0.004;0.0105;0.0155;0.03;0.125;0.565;1.0;1.0;1.0;0.029;0.0125;0.013;0.003;0.003
01-24-2025 10:00;1737712804;0.0035;0.01;0.0155;0.0285;0.125;0.51;1.0;1.0;1.0;0.03;0.0165;0.0125;0.003;0.0025
01-24-2025 11:00;1737716404;0.0035;0.01;0.0165;0.028;0.125;0.525;1.0;1.0;1.0;0.03;0.0155;0.0115;0.003;0.0025
01-24-2025 12:00;1737720003;0.0035;0.011;0.0165;0.0285;0.125;0.525;1.0;1.0;1.0;0.0295;0.017;0.0115;0.0025;0.0025
01-24-2025 13:00;1737723604;0.0035;0.0095;0.0165;0.025;0.125;0.525;1.0;1.0;1.0;0.0275;0.014;0.0115;0.0025;0.0025
01-24-2025 14:00;1737727204;0.0035;0.009;0.0145;0.022;0.11;0.5;1.0;1.0;1.0;0.029;0.0145;0.0115;0.0025;0.0025
01-24-2025 15:00;1737730804;0.0045;0.009;0.016;0.024;0.125;0.555;1.0;1.0;1.0;0.031;0.015;0.0075;0.0015;0.0025
01-24-2025 16:00;1737734403;0.0045;0.0085;0.016;0.025;0.125;0.54;1.0;1.0;1.0;0.031;0.015;0.008;0.0015;0.0025
01-24-2025 17:00;1737738003;0.004;0.0065;0.016;0.026;0.115;0.53;1.0;1.0;1.0;0.0305;0.0145;0.008;0.0015;0.0025
01-24-2025 18:00;1737741604;0.0035;0.0085;0.016;0.029;0.125;0.58;1.0;1.0;1.0;0.0315;0.0205;0.0085;0.0015;0.002
01-24-2025 19:00;1737745203;0.0035;0.0075;0.016;0.0285;0.14;0.585;1.0;1.0;1.0;0.0235;0.0205;0.0085;0.0015;0.002
01-24-2025 20:00;1737748804;0.0035;0.008;0.0155;0.031;0.125;0.545;1.0;1.0;1.0;0.0305;0.017;0.0085;0.0015;0.0015
01-24-2025 21:00;1737752404;0.0035;0.011;0.014;0.024;0.115;0.455;1.0;1.0;1.0;0.035;0.016;0.0085;0.0015;0.0015
01-24-2025 22:00;1737756004;0.002;0.0105;0.0135;0.021;0.12;0.465;1.0;1.0;1.0;0.0355;0.0155;0.0085;0.0015;0.0015
01-24-2025 23:00;1737759603;0.0025;0.0105;0.0125;0.0205;0.105;0.44;1.0;1.0;1.0;0.0325;0.0155;0.0085;0.0015;0.002
01-25-2025 00:00;1737763205;0.002;0.0095;0.0125;0.0205;0.105;0.48;1.0;1.0;1.0;0.0315;0.0145;0.0085;0.0025;0.002
01-25-2025 01:00;1737766804;0.0025;0.0095;0.0135;0.0205;0.095;0.435;1.0;1.0;1.0;0.0095;0.0145;0.009;0.0025;0.002
01-25-2025 02:00;1737770404;0.0025;0.008;0.0135;0.022;0.095;0.455;1.0;1.0;1.0;0.0245;0.014;0.0085;0.0025;0.002
01-25-2025 03:00;1737774004;0.003;0.0115;0.0145;0.022;0.085;0.435;1.0;1.0;1.0;0.0285;0.014;0.0085;0.0015;0.002
01-25-2025 04:00;1737777604;0.0025;0.01;0.0145;0.0215;0.095;0.48;1.0;1.0;1.0;0.021;0.015;0.0095;0.002;0.002
01-25-2025 05:00;1737781204;0.0025;0.0065;0.014;0.0205;0.09;0.435;1.0;1.0;1.0;0.0255;0.017;0.0085;0.0025;0.0025
01-25-2025 06:00;1737784804;0.0025;0.0075;0.0105;0.0205;0.085;0.405;1.0;1.0;1.0;0.027;0.0165;0.009;0.0025;0.0025
01-25-2025 07:00;1737788404;0.0025;0.0065;0.01;0.0205;0.09;0.39;1.0;1.0;1.0;0.026;0.0155;0.0085;0.002;0.0015
01-25-2025 08:00;1737792004;0.0025;0.0075;0.0095;0.0205;0.095;0.395;1.0;1.0;1.0;0.026;0.0165;0.0095;0.002;0.0015
01-25-2025 09:00;1737795603;0.0025;0.009;0.0095;0.021;0.095;0.395;1.0;1.0;1.0;0.027;0.016;0.0085;0.0025;0.0015
01-25-2025 10:00;1737799205;0.003;0.008;0.0095;0.02;0.095;0.4;1.0;1.0;1.0;0.0255;0.0155;0.0085;0.0025;0.0015
01-25-2025 11:00;1737802804;0.0025;0.007;0.0095;0.0185;0.095;0.405;1.0;1.0;1.0;0.025;0.0175;0.008;0.0025;0.0015
01-25-2025 12:00;1737806403;0.0025;0.0085;0.0095;0.0185;0.085;0.415;1.0;1.0;1.0;0.023;0.0165;0.0075;0.0025;0.0015
01-25-2025 13:00;1737810004;0.004;0.008;0.0095;0.0185;0.085;0.415;1.0;1.0;1.0;0.0245;0.0165;0.0075;0.0025;0.0015
01-25-2025 14:00;1737813604;0.004;0.008;0.0095;0.0185;0.085;0.405;1.0;1.0;1.0;0.0255;0.0155;0.0085;0.0025;0.002
01-25-2025 15:00;1737817203;0.005;0.008;0.0095;0.0165;0.085;0.395;1.0;1.0;1.0;0.0255;0.015;0.0095;0.0025;0.002
01-25-2025 16:00;1737820804;0.0045;0.007;0.0095;0.016;0.095;0.42;1.0;1.0;1.0;0.0225;0.0145;0.009;0.0025;0.002
01-25-2025 17:00;1737824404;0.0035;0.008;0.01;0.015;0.095;0.39;1.0;1.0;1.0;0.02;0.0145;0.009;0.0025;0.002
01-25-2025 18:00;1737828004;0.004;0.008;0.0105;0.014;0.105;0.395;1.0;1.0;1.0;0.0165;0.0145;0.009;0.0025;0.002
01-25-2025 19:00;1737831603;0.004;0.0075;0.0105;0.0155;0.105;0.405;1.0;1.0;1.0;0.016;0.0125;0.009;0.0025;0.002
01-25-2025 20:00;1737835204;0.003;0.0065;0.0105;0.0155;0.095;0.405;1.0;1.0;1.0;0.0165;0.0125;0.0085;0.0025;0.002
01-25-2025 21:00;1737838804;0.003;0.0065;0.0105;0.0095;0.085;0.405;1.0;1.0;1.0;0.017;0.0125;0.0085;0.002;0.002
01-25-2025 22:00;1737842403;0.0025;0.0055;0.0105;0.016;0.095;0.405;1.0;1.0;1.0;0.017;0.0125;0.0105;0.002;0.002
01-25-2025 23:00;1737846003;0.0025;0.0055;0.0095;0.0165;0.085;0.395;1.0;1.0;1.0;0.0175;0.0125;0.0105;0.002;0.002
01-26-2025 00:00;1737849604;0.003;0.0055;0.0095;0.01;0.09;0.38;1.0;1.0;1.0;0.019;0.0115;0.0105;0.002;0.002
01-26-2025 01:00;1737853204;0.003;0.006;0.009;0.0105;0.09;0.37;1.0;1.0;1.0;0.0185;0.012;0.0105;0.002;0.003
01-26-2025 02:00;1737856803;0.0025;0.006;0.009;0.0125;0.085;0.37;1.0;1.0;1.0;0.0185;0.0115;0.0105;0.002;0.0025
01-26-2025 03:00;1737860404;0.0025;0.0065;0.0085;0.014;0.085;0.37;1.0;1.0;1.0;0.0185;0.0115;0.0105;0.002;0.002
01-26-2025 04:00;1737864004;0.0025;0.006;0.009;0.013;0.085;0.405;1.0;1.0;1.0;0.0185;0.0125;0.0105;0.0015;0.002
01-26-2025 05:00;1737867604;0.0025;0.0065;0.0085;0.015;0.095;0.415;1.0;1.0;1.0;0.0185;0.0125;0.0105;0.0015;0.0005
01-26-2025 06:00;1737871203;0.0025;0.0065;0.0085;0.016;0.09;0.42;1.0;1.0;1.0;0.0195;0.0115;0.011;0.0015;0.0005
01-26-2025 07:00;1737874804;0.0025;0.006;0.0085;0.016;0.085;0.41;1.0;1.0;1.0;0.0205;0.011;0.0105;0.0015;0.0005
01-26-2025 08:00;1737878404;0.0025;0.0055;0.009;0.0145;0.085;0.405;1.0;1.0;1.0;0.0215;0.011;0.0105;0.0015;0.0005
01-26-2025 09:00;1737882004;0.0015;0.006;0.0085;0.0145;0.095;0.415;1.0;1.0;1.0;0.019;0.0095;0.009;0.0015;0.002
01-26-2025 10:00;1737885604;0.002;0.006;0.0085;0.0145;0.085;0.38;1.0;1.0;1.0;0.019;0.009;0.008;0.0015;0.0015
01-26-2025 11:00;1737889203;0.002;0.005;0.008;0.013;0.085;0.395;1.0;1.0;1.0;0.019;0.009;0.008;0.0015;0.0015
01-26-2025 12:00;1737892804;0.002;0.005;0.008;0.0125;0.085;0.405;1.0;1.0;1.0;0.02;0.0085;0.007;0.0015;0.0015
01-26-2025 13:00;1737896404;0.003;0.006;0.0085;0.0135;0.085;0.405;1.0;1.0;1.0;0.0205;0.0085;0.007;0.0015;0.0015
01-26-2025 14:00;1737900004;0.003;0.008;0.009;0.013;0.085;0.405;1.0;1.0;1.0;0.0205;0.0085;0.007;0.0015;0.0015
01-26-2025 15:00;1737903604;0.002;0.0065;0.0095;0.013;0.06;0.405;1.0;1.0;1.0;0.0215;0.008;0.007;0.0015;0.0015
01-26-2025 16:00;1737907204;0.002;0.0065;0.013;0.0125;0.065;0.395;1.0;1.0;1.0;0.022;0.0085;0.0065;0.0015;0.0015
01-26-2025 17:00;1737910804;0.0025;0.007;0.0125;0.011;0.07;0.395;1.0;1.0;1.0;0.0205;0.0085;0.0065;0.0015;0.0015
01-26-2025 18:00;1737914404;0.002;0.0045;0.0065;0.0115;0.075;0.39;1.0;1.0;1.0;0.02;0.01;0.0065;0.0015;0.0015
01-26-2025 19:00;1737918004;0.002;0.005;0.0065;0.0115;0.085;0.405;1.0;1.0;1.0;0.019;0.0095;0.0065;0.0015;0.0015
01-26-2025 20:00;1737921603;0.0015;0.005;0.0065;0.0115;0.085;0.395;1.0;1.0;1.0;0.0185;0.0095;0.0065;0.0015;0.0015
01-26-2025 21:00;1737925203;0.002;0.005;0.011;0.012;0.085;0.395;1.0;1.0;1.0;0.0215;0.0105;0.0055;0.0015;0.0015
01-26-2025 22:00;1737928805;0.002;0.005;0.009;0.012;0.075;0.365;1.0;1.0;1.0;0.0215;0.0105;0.0055;0.0015;0.0015
01-26-2025 23:00;1737932404;0.002;0.005;0.007;0.011;0.085;0.335;1.0;1.0;1.0;0.024;0.016;0.0055;0.0015;0.0015
01-27-2025 00:00;1737936004;0.002;0.005;0.007;0.012;0.055;0.245;1.0;1.0;1.0;0.0325;0.0225;0.0055;0.0015;0.0015
01-27-2025 01:00;1737939604;0.002;0.005;0.0075;0.011;0.045;0.185;1.0;1.0;1.0;0.0345;0.023;0.0055;0.0015;0.0015
01-27-2025 02:00;1737943204;0.002;0.005;0.0075;0.011;0.045;0.205;1.0;1.0;1.0;0.042;0.023;0.0055;0.0015;0.0015
01-27-2025 03:00;1737946803;0.002;0.0055;0.0075;0.0105;0.0385;0.15;1.0;1.0;1.0;0.0565;0.0365;0.0055;0.0015;0.0005
01-27-2025 04:00;1737950404;0.0025;0.005;0.0085;0.0105;0.0365;0.165;1.0;1.0;1.0;0.052;0.0335;0.006;0.0015;0.0005
01-27-2025 05:00;1737954004;0.0025;0.0045;0.0085;0.01;0.025;0.155;1.0;1.0;1.0;0.062;0.0335;0.0065;0.0015;0.0005
01-27-2025 06:00;1737957604;0.0025;0.004;0.0065;0.01;0.0315;0.145;1.0;1.0;1.0;0.0615;0.035;0.009;0.0015;0.0005
01-27-2025 07:00;1737961203;0.0025;0.0035;0.0085;0.0105;0.0265;0.105;1.0;1.0;1.0;0.0815;0.0425;0.0135;0.0015;0.0005
01-27-2025 08:00;1737964804;0.002;0.003;0.0075;0.0115;0.0295;0.105;1.0;1.0;1.0;0.0935;0.041;0.0135;0.002;0.001
01-27-2025 09:00;1737968403;0.002;0.003;0.007;0.0115;0.0365;0.105;1.0;1.0;1.0;0.088;0.043;0.014;0.002;0.001
01-27-2025 10:00;1737972003;0.002;0.003;0.0075;0.011;0.034;0.125;1.0;1.0;1.0;0.0825;0.0405;0.0165;0.002;0.001
01-27-2025 11:00;1737975604;0.002;0.0035;0.0085;0.0115;0.0295;0.105;1.0;1.0;1.0;0.094;0.045;0.017;0.002;0.001
01-27-2025 12:00;1737979204;0.002;0.004;0.0075;0.0105;0.034;0.105;1.0;1.0;1.0;0.0825;0.043;0.0125;0.0025;0.0015
01-27-2025 13:00;1737982803;0.002;0.0035;0.0075;0.015;0.046;0.175;1.0;1.0;1.0;0.0505;0.0295;0.0135;0.0025;0.0015
01-27-2025 14:00;1737986404;0.002;0.0025;0.0075;0.0135;0.041;0.165;1.0;1.0;1.0;0.052;0.023;0.0125;0.002;0.0015
01-27-2025 15:00;1737990004;0.0015;0.0025;0.0075;0.014;0.0545;0.245;1.0;1.0;1.0;0.0425;0.0125;0.0075;0.002;0.0015
01-27-2025 16:00;1737993604;0.0015;0.004;0.0065;0.013;0.0375;0.195;1.0;1.0;1.0;0.0465;0.019;0.009;0.002;0.0015
01-27-2025 17:00;1737997204;0.0015;0.0045;0.0065;0.0105;0.0305;0.135;1.0;1.0;1.0;0.055;0.024;0.0085;0.002;0.0015
01-27-2025 18:00;1738000803;0.0015;0.0035;0.006;0.01;0.029;0.12;1.0;1.0;1.0;0.064;0.0285;0.0085;0.002;0.0015
01-27-2025 19:00;1738004404;0.0015;0.0035;0.0045;0.0085;0.029;0.115;1.0;1.0;1.0;0.0645;0.0295;0.008;0.002;0.0015
01-27-2025 20:00;1738008004;0.0015;0.003;0.0045;0.0085;0.0285;0.13;1.0;1.0;1.0;0.061;0.0285;0.008;0.002;0.0015
01-27-2025 21:00;1738011604;0.0015;0.003;0.0055;0.0105;0.0415;0.205;1.0;1.0;1.0;0.0375;0.025;0.0075;0.002;0.0015
01-27-2025 22:00;1738015204;0.0015;0.0025;0.0045;0.013;0.033;0.16;1.0;1.0;1.0;0.041;0.029;0.008;0.002;0.0015
01-27-2025 23:00;1738018804;0.0015;0.0025;0.005;0.0095;0.028;0.185;1.0;1.0;1.0;0.034;0.0275;0.008;0.002;0.0015
01-28-2025 00:00;1738022404;0.0015;0.0025;0.005;0.009;0.0375;0.205;1.0;1.0;1.0;0.03;0.0205;0.0075;0.002;0.0015
01-28-2025 01:00;1738026004;0.0015;0.0025;0.0055;0.0085;0.0405;0.185;1.0;1.0;1.0;0.0315;0.0155;0.005;0.002;0.0015
01-28-2025 02:00;1738029605;0.0015;0.0025;0.006;0.0085;0.035;0.165;1.0;1.0;1.0;0.0355;0.016;0.005;0.002;0.0015
01-28-2025 03:00;1738033204;0.0015;0.002;0.006;0.0085;0.035;0.195;1.0;1.0;1.0;0.028;0.015;0.005;0.002;0.0005
01-28-2025 04:00;1738036804;0.0015;0.002;0.0065;0.01;0.0435;0.215;1.0;1.0;1.0;0.03;0.013;0.005;0.002;0.0005
01-28-2025 05:00;1738040404;0.0015;0.002;0.006;0.0135;0.042;0.225;1.0;1.0;1.0;0.0285;0.013;0.005;0.002;0.0005
01-28-2025 06:00;1738044004;0.0015;0.002;0.0065;0.012;0.041;0.24;1.0;1.0;1.0;0.0285;0.0125;0.005;0.002;0.0005
01-28-2025 07:00;1738047603;0.0015;0.003;0.006;0.01;0.033;0.225;1.0;1.0;1.0;0.028;0.015;0.005;0.0015;0.0005
01-28-2025 08:00;1738051203;0.0015;0.003;0.006;0.0105;0.0285;0.205;1.0;1.0;1.0;0.0275;0.015;0.004;0.0015;0.0005
01-28-2025 09:00;1738054804;0.0015;0.003;0.004;0.0105;0.027;0.205;1.0;1.0;1.0;0.027;0.014;0.0035;0.0015;0.001
01-28-2025 10:00;1738058404;0.0015;0.0025;0.004;0.0115;0.0275;0.22;1.0;1.0;1.0;0.0275;0.013;0.0035;0.0015;0.0015
01-28-2025 11:00;1738062004;0.0015;0.0025;0.0045;0.0115;0.0275;0.19;1.0;1.0;1.0;0.027;0.015;0.002;0.0015;0.0015
01-28-2025 12:00;1738065604;0.002;0.0025;0.0045;0.0085;0.026;0.185;1.0;1.0;1.0;0.027;0.015;0.0025;0.0005;0.0015
01-28-2025 13:00;1738069204;0.002;0.003;0.005;0.0085;0.026;0.175;1.0;1.0;1.0;0.0285;0.013;0.0025;0.001;0.0015
01-28-2025 14:00;1738072803;0.0015;0.0025;0.005;0.009;0.0245;0.17;1.0;1.0;1.0;0.023;0.0105;0.0025;0.001;0.0015
01-28-2025 15:00;1738076403;0.0015;0.0015;0.005;0.009;0.0255;0.165;1.0;1.0;1.0;0.0275;0.009;0.002;0.001;0.0015
01-28-2025 16:00;1738080004;0.002;0.0035;0.0065;0.01;0.035;0.175;1.0;1.0;1.0;0.0255;0.0125;0.002;0.001;0.0015
01-28-2025 17:00;1738083604;0.002;0.0035;0.006;0.01;0.0245;0.14;1.0;1.0;1.0;0.023;0.0105;0.002;0.001;0.0015
01-28-2025 18:00;1738087204;0.002;0.0045;0.006;0.01;0.0215;0.15;1.0;1.0;1.0;0.022;0.0115;0.0025;0.001;0.0015
01-28-2025 19:00;1738090804;0.002;0.004;0.006;0.009;0.02;0.13;1.0;1.0;1.0;0.0265;0.01;0.0025;0.001;0.0015
01-28-2025 20:00;1738094404;0.0015;0.0035;0.0065;0.009;0.0165;0.135;1.0;1.0;1.0;0.025;0.012;0.0015;0.001;0.0015
01-28-2025 21:00;1738098004;0.002;0.0035;0.0065;0.0085;0.015;0.095;1.0;1.0;1.0;0.031;0.0175;0.0015;0.001;0.0015
01-28-2025 22:00;1738101604;0.0025;0.004;0.005;0.008;0.0165;0.055;1.0;1.0;1.0;0.0405;0.022;0.0015;0.001;0.001
01-28-2025 23:00;1738105204;0.0025;0.004;0.0045;0.008;0.025;0.09;1.0;1.0;1.0;0.035;0.0175;0.0025;0.001;0.001
01-29-2025 00:00;1738108804;0.0025;0.0035;0.0045;0.008;0.0215;0.09;1.0;1.0;1.0;0.03;0.017;0.0025;0.001;0.001
01-29-2025 01:00;1738112404;0.002;0.003;0.005;0.008;0.0255;0.09;1.0;1.0;1.0;0.028;0.0175;0.002;0.001;0.0005
01-29-2025 02:00;1738116004;0.0015;0.003;0.0045;0.0065;0.0265;0.095;1.0;1.0;1.0;0.028;0.017;0.002;0.0005;0.0005
01-29-2025 03:00;1738119604;0.0015;0.003;0.004;0.0065;0.022;0.095;1.0;1.0;1.0;0.026;0.0165;0.002;0.0005;0.0005
01-29-2025 04:00;1738123204;0.0015;0.003;0.0035;0.006;0.0235;0.1;1.0;1.0;1.0;0.026;0.015;0.0025;0.0005;0.0005
01-29-2025 05:00;1738126804;0.0015;0.002;0.0025;0.004;0.0205;0.115;1.0;1.0;1.0;0.025;0.019;0.0025;0.0005;0.0005
01-29-2025 06:00;1738130404;0.0015;0.002;0.0025;0.0035;0.0195;0.12;1.0;1.0;1.0;0.025;0.0165;0.002;0.0005;0.001
01-29-2025 07:00;1738134004;0.0015;0.002;0.0025;0.007;0.021;0.14;1.0;1.0;1.0;0.026;0.013;0.0025;0.0005;0.001
01-29-2025 08:00;1738137605;0.0015;0.002;0.0035;0.007;0.0215;0.13;1.0;1.0;1.0;0.023;0.014;0.0025;0.0005;0.001
01-29-2025 09:00;1738141204;0.0015;0.002;0.0035;0.007;0.0205;0.12;1.0;1.0;1.0;0.0195;0.0145;0.0025;0.0005;0.001
01-29-2025 10:00;1738144804;0.0015;0.002;0.003;0.0065;0.0175;0.115;1.0;1.0;1.0;0.0205;0.011;0.0025;0.0005;0.0015
01-29-2025 11:00;1738148404;0.0015;0.002;0.0035;0.0055;0.021;0.115;1.0;1.0;1.0;0.0235;0.009;0.0025;0.001;0.0015
01-29-2025 12:00;1738152004;0.0015;0.0015;0.004;0.0055;0.017;0.12;1.0;1.0;1.0;0.0235;0.009;0.0025;0.001;0.0015
01-29-2025 13:00;1738155604;0.0015;0.002;0.0035;0.0055;0.018;0.095;1.0;1.0;1.0;0.0215;0.009;0.0025;0.001;0.0015
01-29-2025 14:00;1738159204;0.0015;0.0015;0.0035;0.0055;0.013;0.11;1.0;1.0;1.0;0.0215;0.0065;0.0025;0.001;0.0015
01-29-2025 15:00;1738162804;0.0015;0.002;0.0035;0.0055;0.0155;0.1;1.0;1.0;1.0;0.021;0.006;0.0045;0.001;0.0015
01-29-2025 16:00;1738166404;0.0015;0.0025;0.0025;0.0055;0.013;0.105;1.0;1.0;1.0;0.0195;0.0065;0.0045;0.001;0.0015
01-29-2025 17:00;1738170004;0.0015;0.002;0.002;0.005;0.0165;0.09;1.0;1.0;1.0;0.0195;0.006;0.004;0.001;0.0015
01-29-2025 18:00;1738173604;0.0015;0.0025;0.0025;0.005;0.0165;0.095;1.0;1.0;1.0;0.02;0.0065;0.0035;0.001;0.0015
01-29-2025 19:00;1738177204;0.001;0.002;0.0025;0.0045;0.017;0.12;1.0;1.0;1.0;0.0155;0.0065;0.0035;0.001;0.0015
01-29-2025 20:00;1738180804;0.001;0.002;0.003;0.0045;0.011;0.14;1.0;1.0;1.0;0.0135;0.0075;0.004;0.001;0.0015
01-29-2025 21:00;1738184404;0.001;0.002;0.0025;0.0045;0.0225;0.155;1.0;1.0;1.0;0.0085;0.0075;0.002;0.001;0.0015
01-29-2025 22:00;1738188004;0.0005;0.0015;0.0025;0.005;0.012;0.135;1.0;1.0;1.0;0.011;0.006;0.002;0.001;0.0015
01-29-2025 23:00;1738191605;0.0005;0.0015;0.0025;0.0025;0.013;0.115;1.0;1.0;1.0;0.0105;0.004;0.002;0.001;0.0015
01-30-2025 00:00;1738195205;0.0015;0.0015;0.0015;0.003;0.0125;0.115;1.0;1.0;1.0;0.005;0.0035;0.0015;0.001;0.0015
01-30-2025 01:00;1738198805;0.0015;0.0015;0.0015;0.003;0.0095;0.115;1.0;1.0;1.0;0.005;0.0025;0.0015;0.001;0.0015
01-30-2025 02:00;1738202405;0.001;0.0015;0.0015;0.0025;0.01;0.125;1.0;1.0;1.0;0.0065;0.0025;0.0015;0.001;0.0015
01-30-2025 03:00;1738206005;0.001;0.001;0.002;0.002;0.0095;0.155;1.0;1.0;1.0;0.006;0.0025;0.001;0.001;0.0005
01-30-2025 04:00;1738209605;0.001;0.001;0.002;0.0025;0.0145;0.205;1.0;1.0;1.0;0.004;0.0025;0.001;0.001;0.0005
01-30-2025 05:00;1738213204;0.0005;0.0005;0.002;0.0025;0.015;0.25;1.0;1.0;1.0;0.0045;0.0035;0.0005;0.001;0.0005
01-30-2025 06:00;1738216804;0.0005;0.0005;0.0015;0.002;0.016;0.225;1.0;1.0;1.0;0.0045;0.0035;0.0005;0.0005;0.0005
01-30-2025 07:00;1738220404;0.002;0.0015;0.002;0.005;0.0125;0.22;1.0;1.0;1.0;0.004;0.002;0.0005;0.0005;0.0005
01-30-2025 08:00;1738224005;0.001;0.0015;0.0025;0.007;0.011;0.2;1.0;1.0;1.0;0.0045;0.0035;0.0005;0.0005;0.0005
01-30-2025 09:00;1738227605;0.0015;0.002;0.0025;0.005;0.013;0.18;1.0;1.0;1.0;0.005;0.0025;0.0005;0.0005;0.001
01-30-2025 10:00;1738231204;0.0005;0.0005;0.002;0.0045;0.0125;0.21;1.0;1.0;1.0;0.005;0.0025;0.0005;0.001;0.001
01-30-2025 11:00;1738234804;0.0005;0.0005;0.0015;0.0045;0.0125;0.185;1.0;1.0;1.0;0.0055;0.0025;0.001;0.001;0.001
01-30-2025 12:00;1738238404;0.001;0.0005;0.0015;0.003;0.011;0.175;1.0;1.0;1.0;0.0055;0.0035;0.0015;0.001;0.001
01-30-2025 13:00;1738242004;0.0015;0.0005;0.0015;0.002;0.0085;0.15;1.0;1.0;1.0;0.006;0.0035;0.001;0.001;0.0005
01-30-2025 14:00;1738245604;0.001;0.0005;0.0015;0.002;0.0085;0.135;1.0;1.0;1.0;0.0055;0.0035;0.001;0.001;0.0005
01-30-2025 15:00;1738249204;0.0005;0.0005;0.001;0.002;0.008;0.21;1.0;1.0;1.0;0.0045;0.0025;0.001;0.001;0.0005
01-30-2025 16:00;1738252804;0.001;0.0005;0.001;0.002;0.007;0.18;1.0;1.0;1.0;0.005;0.003;0.0015;0.001;0.0005
01-30-2025 17:00;1738256405;0.001;0.0005;0.001;0.0025;0.008;0.175;1.0;1.0;1.0;0.006;0.0035;0.0015;0.001;0.0005
01-30-2025 18:00;1738260004;0.0015;0.0015;0.001;0.0025;0.007;0.125;1.0;1.0;1.0;0.0055;0.0035;0.0015;0.001;0.0005
01-30-2025 19:00;1738263603;0.0015;0.0015;0.001;0.002;0.006;0.135;1.0;1.0;1.0;0.0045;0.003;0.0015;0.001;0.0005
01-30-2025 20:00;1738267204;0.0005;0.0015;0.001;0.0015;0.0035;0.155;1.0;1.0;1.0;0.0045;0.003;0.0015;0.001;0.0005
01-30-2025 21:00;1738270805;0.0015;0.0005;0.0015;0.0015;0.004;0.09;1.0;1.0;1.0;0.005;0.003;0.0015;0.001;0.0005
01-30-2025 22:00;1738274404;0.001;0.0005;0.001;0.0015;0.003;0.085;1.0;1.0;1.0;0.005;0.003;0.0015;0.001;0.0005
01-30-2025 23:00;1738278004;0.001;0.0005;0.001;0.0015;0.0025;0.085;1.0;1.0;1.0;0.004;0.003;0.0015;0.001;0.0005
01-31-2025 00:00;1738281604;0.0005;0.0005;0.001;0.001;0.0045;0.055;1.0;1.0;1.0;0.0045;0.0025;0.0015;0.001;0.0005
01-31-2025 01:00;1738285204;0.0005;0.001;0.001;0.0015;0.0035;0.049;1.0;1.0;1.0;0.004;0.003;0.001;0.001;0.0005
01-31-2025 02:00;1738288804;0.001;0.001;0.001;0.0015;0.0045;0.0555;1.0;1.0;1.0;0.004;0.0015;0.001;0.001;0.0005
01-31-2025 03:00;1738292404;0.001;0.0005;0.001;0.0015;0.002;0.0405;1.0;1.0;1.0;0.0035;0.0015;0.001;0.001;0.0005
01-31-2025 04:00;1738296005;0.001;0.0005;0.001;0.001;0.002;0.027;1.0;1.0;1.0;0.004;0.002;0.001;0.001;0.0005
01-31-2025 05:00;1738299604;0.001;0.0005;0.0015;0.0005;0.0015;0.0245;1.0;1.0;1.0;0.0035;0.0025;0.0015;0.0005;0.0005
01-31-2025 06:00;1738303204;0.001;0.002;0.0025;0.006;0.002;0.016;1.0;1.0;1.0;0.0025;0.003;0.0035;0.0025;0.0015
01-31-2025 07:00;1738306804;0.0005;0.0005;0.0025;0.0015;0.0035;0.017;1.0;1.0;1.0;0.0025;0.003;0.0035;0.0015;0.0015
01-31-2025 08:00;1738310404;0.0005;0.0005;0.0015;0.0015;0.0025;0.0155;1.0;1.0;1.0;0.002;0.0015;0.002;0.0015;0.0015
01-31-2025 09:00;1738314005;0.0005;0.0005;0.001;0.0035;0.0025;0.012;1.0;1.0;1.0;0.0015;0.0015;0.0015;0.0015;0.0015
01-31-2025 10:00;1738317605;0.0005;0.0005;0.0005;0.0015;0.0035;0.0105;1.0;1.0;1.0;0.0015;0.0015;0.0015;0.001;0.0005
01-31-2025 11:00;1738321204;0.0005;0.0005;0.0005;0.002;0.0035;0.0145;1.0;1.0;1.0;0.0005;0.0015;0.0015;0.001;0.0005
01-31-2025 12:00;1738324804;0.0005;0.0005;0.0015;0.0015;0.0045;0.0175;1.0;1.0;1.0;0.001;0.0015;0.0015;0.001;0.0005
01-31-2025 13:00;1738328404;0.0005;0.0005;0.001;0.0015;0.003;0.012;1.0;1.0;1.0;0.001;0.0015;0.0015;0.0005;0.0005
01-31-2025 14:00;1738332003;0.0005;0.0005;0.001;0.001;0.0015;0.013;1.0;1.0;1.0;0.0015;0.0025;0.0015;0.0005;0.0005
01-31-2025 15:00;1738335604;0.0005;0.0005;0.001;0.001;0.0025;0.0045;1.0;1.0;1.0;0.001;0.0015;0.0015;0.0005;0.0005
01-31-2025 16:00;1738339204;0.0005;0.0005;0.0005;0.001;0.0025;0.0235;1.0;1.0;1.0;0.001;0.0025;0.001;0.0005;0.0005
01-31-2025 17:00;1738342804;0.0005;0.001;0.0005;0.001;0.0025;0.005;1.0;1.0;1.0;0.0015;0.0015;0.0005;0.0005;0.0005
01-31-2025 18:00;1738346404;0.0005;0.001;0.0005;0.001;0.0015;0.0065;1.0;1.0;1.0;0.001;0.0015;0.0005;0.0005;0.0005
01-31-2025 19:00;1738350004;0.0005;0.0005;0.0005;0.001;0.0005;0.0045;1.0;1.0;1.0;0.001;0.0005;0.0005;0.0005;0.0005
01-31-2025 20:00;1738353604;0.0005;0.0005;0.0005;0.001;0.0015;0.0045;1.0;1.0;1.0;0.001;0.0005;0.0005;0.0005;0.0005
01-31-2025 21:00;1738357204;0.001;0.0005;0.0005;0.001;0.001;0.0025;1.0;1.0;1.0;0.001;0.001;0.001;0.0005;0.001
01-31-2025 22:00;1738360804;0.001;0.0005;0.0005;0.0005;0.001;0.0025;1.0;1.0;1.0;0.001;0.001;0.001;0.0005;0.001
01-31-2025 23:00;1738364404;0.0005;0.0005;0.0005;0.0005;0.0005;0.0025;1.0;1.0;1.0;0.0005;0.0015;0.001;0.001;0.001
02-01-2025 00:00;1738368005;0.0005;0.0005;0.0015;0.0005;0.001;0.0015;1.0;1.0;1.0;0.0005;0.001;0.001;0.001;0.001
02-01-2025 01:00;1738371604;0.0005;0.0005;0.0005;0.0005;0.001;0.002;1.0;1.0;1.0;0.0005;0.001;0.001;0.001;0.001
02-01-2025 02:00;1738375204;0.0005;0.0005;0.0005;0.0005;0.0005;0.0015;1.0;1.0;1.0;0.0005;0.001;0.0005;0.0005;0.0005
02-01-2025 03:00;1738378804;0.0005;0.0005;0.0005;0.0005;0.001;0.0005;1.0;1.0;1.0;0.0005;0.001;0.0005;0.0005;0.0005
02-01-2025 04:00;1738382404;0.0005;0.0005;0.0005;0.0005;0.0005;0.0005;1.0;1.0;1.0;0.0005;0.0005;0.0005;0.0005;0.0005
02-01-2025 05:00;1738386004;0.0005;0.0005;0.0005;0.0005;0.0005;0.0005;1.0;1.0;1.0;0.0005;0.0005;0.0005;0.0005;0.0005
02-01-2025 06:00;1738389604;0.0005;0.0005;0.0005;0.0005;0.0005;0.0005;1.0;1.0;1.0;0.0005;0.0005;0.0005;0.0005;0.0005
02-01-2025 07:00;1738393204;0.0005;0.0005;0.0005;0.0005;0.0005;0.0005;1.0;1.0;1.0;0.0005;0.0005;0.0005;0.0005;0.0005
