Date (UTC);Timestamp (UTC);$150,000;$140,000;$130,000;$120,000;$110,000;$105,000; $95,000;$90,000;$87,500;$85,000;$82,500;$80,000;$77,500;$75,000;$72,500;$67,500;$65,000;$60,000
11-03-2024 00:00;1730592003;;;;;;;;0.13;;0.225;;0.375;0.505;0.645;0.785;0.83;0.61;0.285
11-03-2024 01:00;1730595603;;;;;;;;0.13;;0.23;;0.375;0.51;0.64;0.785;0.83;0.61;0.285
11-03-2024 02:00;1730599203;;;;;;;;0.125;;0.225;;0.36;0.505;0.635;0.78;0.845;0.615;0.295
11-03-2024 03:00;1730602803;;;;;;;;0.12;;0.235;;0.335;0.455;0.58;0.695;0.87;0.655;0.345
11-03-2024 04:00;1730606403;;;;;;;;0.12;;0.235;;0.34;0.46;0.58;0.725;0.855;0.645;0.34
11-03-2024 05:00;1730610003;;;;;;;;0.12;;0.225;;0.345;0.465;0.585;0.74;0.84;0.64;0.34
11-03-2024 06:00;1730613603;;;;;;;;0.12;;0.225;;0.335;0.46;0.595;0.74;0.84;0.645;0.335
11-03-2024 07:00;1730617203;;;;;;;;0.12;;0.225;;0.34;0.46;0.6;0.75;0.84;0.64;0.34
11-03-2024 08:00;1730620802;;;;;;;;0.12;;0.225;;0.34;0.46;0.6;0.74;0.855;0.635;0.335
11-03-2024 09:00;1730624403;;;;;;;;0.12;;0.225;;0.34;0.465;0.605;0.745;0.85;0.625;0.335
11-03-2024 10:00;1730628003;;;;;;;;0.12;;0.225;;0.35;0.47;0.605;0.73;0.855;0.65;0.325
11-03-2024 11:00;1730631603;;;;;;;;0.12;;0.225;;0.33;0.47;0.61;0.74;0.85;0.63;0.325
11-03-2024 12:00;1730635203;;;;;;;;0.12;;0.225;;0.325;0.475;0.605;0.735;0.85;0.645;0.325
11-03-2024 13:00;1730638802;;;;;;;;0.12;;0.22;;0.32;0.475;0.62;0.74;0.855;0.63;0.325
11-03-2024 14:00;1730642403;;;;;;;;0.12;;0.22;;0.325;0.475;0.625;0.73;0.86;0.66;0.335
11-03-2024 15:00;1730646003;;;;;;;;0.12;;0.22;;0.32;0.47;0.6;0.71;0.945;0.69;0.35
11-03-2024 16:00;1730649603;;;;;;;;0.115;;0.215;;0.32;0.445;0.6;0.725;0.9995;0.67;0.34
11-03-2024 17:00;1730653203;;;;;;;;0.115;;0.215;;0.32;0.44;0.6;0.73;0.9995;0.735;0.335
11-03-2024 18:00;1730656803;;;;;;;;0.115;;0.215;;0.33;0.45;0.6;0.745;1.0;0.715;0.33
11-03-2024 19:00;1730660403;;;;;;;;0.115;;0.215;;0.33;0.465;0.58;0.72;1.0;0.75;0.34
11-03-2024 20:00;1730664003;;;;;;;;0.115;;0.215;;0.335;0.48;0.615;0.75;1.0;0.705;0.335
11-03-2024 21:00;1730667603;;;;;;;;0.115;;0.215;;0.335;0.49;0.64;0.78;1.0;0.69;0.315
11-03-2024 22:00;1730671203;;;;;;;;0.12;;0.225;;0.365;0.525;0.66;0.805;1.0;0.68;0.31
11-03-2024 23:00;1730674803;;;;;;;;0.12;;0.225;;0.345;0.525;0.65;0.775;1.0;0.685;0.31
11-04-2024 00:00;1730678403;;;;;;;;0.12;;0.225;;0.35;0.505;0.625;0.765;1.0;0.685;0.31
11-04-2024 01:00;1730682003;;;;;;;;0.12;;0.225;;0.345;0.49;0.62;0.755;1.0;0.705;0.325
11-04-2024 02:00;1730685603;;;;;;;;0.12;;0.215;;0.32;0.495;0.635;0.78;1.0;0.675;0.3
11-04-2024 03:00;1730689202;;;;;;;;0.12;;0.22;;0.32;0.515;0.655;0.8;1.0;0.665;0.3
11-04-2024 04:00;1730692803;;;;;;;;0.115;;0.215;;0.315;0.51;0.64;0.785;1.0;0.66;0.29
11-04-2024 05:00;1730696402;;;;;;;;0.115;;0.215;;0.325;0.505;0.635;0.785;1.0;0.645;0.285
11-04-2024 06:00;1730700003;;;;;;;;0.115;;0.215;;0.325;0.505;0.62;0.735;1.0;0.67;0.29
11-04-2024 07:00;1730703603;;;;;;;;0.115;;0.215;;0.305;0.505;0.63;0.785;1.0;0.66;0.29
11-04-2024 08:00;1730707203;;;;;;;;0.115;;0.215;;0.305;0.505;0.62;0.75;1.0;0.7;0.28
11-04-2024 09:00;1730710802;;;;;;;;0.115;;0.215;;0.315;0.505;0.615;0.74;1.0;0.705;0.29
11-04-2024 10:00;1730714403;;;;;;;;0.115;;0.205;;0.335;0.51;0.625;0.75;1.0;0.695;0.29
11-04-2024 11:00;1730718003;;;;;;;;0.115;;0.205;;0.325;0.51;0.63;0.75;1.0;0.695;0.29
11-04-2024 12:00;1730721603;;;;;;;;0.115;;0.21;;0.32;0.51;0.655;0.765;1.0;0.7;0.29
11-04-2024 13:00;1730725203;;;;;;;;0.115;;0.21;;0.325;0.495;0.65;0.755;1.0;0.695;0.29
11-04-2024 14:00;1730728804;;;;;;;;0.115;;0.21;;0.335;0.515;0.65;0.76;1.0;0.7;0.29
11-04-2024 15:00;1730732403;;;;;;;;0.115;;0.21;;0.33;0.5;0.63;0.73;1.0;0.7;0.305
11-04-2024 16:00;1730736003;;;;;;;;0.115;;0.21;;0.33;0.5;0.62;0.73;1.0;0.705;0.29
11-04-2024 17:00;1730739604;;;;;;;;0.115;;0.195;;0.32;0.465;0.605;0.7;1.0;0.73;0.335
11-04-2024 18:00;1730743203;;;;;;;;0.165;;0.19;;0.32;0.47;0.58;0.675;1.0;0.715;0.31
11-04-2024 19:00;1730746804;;;;;;;;0.13;;0.19;;0.32;0.46;0.57;0.695;1.0;0.72;0.31
11-04-2024 20:00;1730750402;;;;;;;;0.12;;0.185;;0.295;0.46;0.58;0.7;1.0;0.705;0.305
11-04-2024 21:00;1730754002;;;;;;;;0.125;;0.2;;0.275;0.45;0.57;0.675;1.0;0.72;0.34
11-04-2024 22:00;1730757602;;;;;;;;0.12;;0.185;;0.255;0.415;0.535;0.655;1.0;0.75;0.35
11-04-2024 23:00;1730761202;;;;;;;;0.12;;0.2;;0.31;0.44;0.605;0.695;1.0;0.72;0.33
11-05-2024 00:00;1730764802;;;;;;;;0.115;;0.195;;0.315;0.475;0.605;0.695;1.0;0.735;0.33
11-05-2024 01:00;1730768402;;;;;;;;0.125;;0.2;;0.315;0.475;0.61;0.705;1.0;0.725;0.34
11-05-2024 02:00;1730772002;;;;;;;;0.13;;0.21;;0.32;0.48;0.605;0.705;1.0;0.725;0.365
11-05-2024 03:00;1730775602;;;;;;;;0.125;;0.19;;0.31;0.47;0.595;0.705;1.0;0.725;0.365
11-05-2024 04:00;1730779202;;;;;;;;0.125;;0.21;;0.325;0.48;0.605;0.715;1.0;0.72;0.375
11-05-2024 05:00;1730782802;;;;;;;;0.13;;0.21;;0.325;0.5;0.62;0.72;1.0;0.71;0.355
11-05-2024 06:00;1730786402;;;;;;;;0.125;;0.21;;0.355;0.515;0.64;0.725;1.0;0.69;0.335
11-05-2024 07:00;1730790002;;;;;;;;0.145;;0.21;;0.345;0.5;0.625;0.725;1.0;0.69;0.335
11-05-2024 08:00;1730793602;;;;;;;;0.145;;0.215;;0.36;0.525;0.63;0.73;1.0;0.685;0.33
11-05-2024 09:00;1730797202;;;;;;;;0.145;;0.22;;0.355;0.495;0.625;0.735;1.0;0.69;0.325
11-05-2024 10:00;1730800802;;;;;;;;0.125;;0.215;;0.375;0.5;0.62;0.745;1.0;0.695;0.335
11-05-2024 11:00;1730804402;;;;;;;;0.115;;0.215;;0.365;0.485;0.615;0.75;1.0;0.705;0.33
11-05-2024 12:00;1730808002;;;;;;;;0.115;;0.215;;0.36;0.5;0.615;0.75;1.0;0.7;0.325
11-05-2024 13:00;1730811602;;;;;;;;0.115;;0.215;;0.36;0.495;0.615;0.75;1.0;0.7;0.32
11-05-2024 14:00;1730815202;;;;;;;;0.115;;0.215;;0.36;0.47;0.605;0.75;1.0;0.7;0.325
11-05-2024 15:00;1730818802;;;;;;;;0.12;;0.23;;0.37;0.525;0.63;0.805;1.0;0.665;0.3
11-05-2024 16:00;1730822402;;;;;;;;0.125;;0.23;;0.38;0.545;0.645;0.805;1.0;0.665;0.31
11-05-2024 17:00;1730826002;;;;;;;;0.125;;0.235;;0.385;0.555;0.68;0.83;1.0;0.63;0.3
11-05-2024 18:00;1730829602;;;;;;;;0.13;;0.225;;0.41;0.555;0.665;0.82;1.0;0.635;0.295
11-05-2024 19:00;1730833202;;;;;;;;0.135;;0.235;;0.4;0.555;0.685;0.83;1.0;0.63;0.295
11-05-2024 20:00;1730836803;;;;;;;;0.145;;0.225;;0.455;0.535;0.645;0.765;1.0;0.685;0.295
11-05-2024 21:00;1730840402;;;;;;;;0.14;;0.22;;0.385;0.53;0.665;0.79;1.0;0.64;0.295
11-05-2024 23:00;1730847602;;;;;;;;0.135;;0.22;;0.405;0.525;0.675;0.79;1.0;0.665;0.315
11-06-2024 00:00;1730851202;;;;;;;;0.125;;0.23;;0.395;0.53;0.68;0.78;1.0;0.665;0.315
11-06-2024 01:00;1730854802;;;;;;;;0.14;;0.28;;0.51;0.63;0.745;0.895;1.0;0.595;0.305
11-06-2024 02:00;1730858402;;;;;;;;0.14;;0.265;;0.47;0.615;0.745;0.89;1.0;0.595;0.29
11-06-2024 03:00;1730862002;;;;;;;;0.18;;0.335;;0.595;0.71;0.88;0.9955;1.0;0.54;0.265
11-06-2024 04:00;1730865603;;;;;;;;0.215;;0.38;;0.635;0.775;0.979;0.9955;1.0;0.43;0.19
11-06-2024 05:00;1730869203;;;;;;;;0.23;;0.39;;0.635;0.78;0.9945;0.9975;1.0;0.41;0.17
11-06-2024 06:00;1730872802;;;;;;;;0.23;;0.405;;0.69;0.795;0.9945;0.998;1.0;0.39;0.165
11-06-2024 07:00;1730876402;;;;;;;;0.29;;0.37;;0.675;0.805;0.9995;0.998;1.0;0.395;0.16
11-06-2024 08:00;1730880003;;;;;;;;0.25;;0.325;;0.6;0.69;1.0;1.0;1.0;0.425;0.18
11-06-2024 09:00;1730883602;;;;;;;;0.27;;0.395;;0.7;0.85;1.0;1.0;1.0;0.395;0.175
11-06-2024 10:00;1730887202;;;;;;;;0.285;;0.41;;0.665;0.83;1.0;1.0;1.0;0.395;0.185
11-06-2024 11:00;1730890802;;;;;;;;0.26;;0.405;;0.67;0.835;1.0;1.0;1.0;0.405;0.185
11-06-2024 12:00;1730894403;;;;;;;;0.27;;0.415;;0.72;0.845;1.0;1.0;1.0;0.39;0.18
11-06-2024 13:00;1730898002;;;;;;;;0.245;;0.41;;0.685;0.85;1.0;1.0;1.0;0.38;0.15
11-06-2024 14:00;1730901603;;;;;;;;0.255;;0.395;;0.69;0.84;1.0;1.0;1.0;0.375;0.15
11-06-2024 15:00;1730905202;;;;;;;;0.215;;0.34;;0.625;0.785;1.0;1.0;1.0;0.38;0.155
11-06-2024 16:00;1730908802;;;;;;;;0.18;;0.34;;0.6;0.815;1.0;1.0;1.0;0.385;0.15
11-06-2024 17:00;1730912402;;;;;;;;0.185;;0.34;;0.615;0.81;1.0;1.0;1.0;0.38;0.145
11-06-2024 18:00;1730916002;;;;;;;;0.165;;0.315;;0.66;0.83;1.0;1.0;1.0;0.37;0.15
11-06-2024 19:00;1730919602;;;;;;;;0.185;;0.335;;0.685;0.875;1.0;1.0;1.0;0.36;0.145
11-06-2024 20:00;1730923202;;;;;;;;0.185;;0.335;;0.695;0.895;1.0;1.0;1.0;0.35;0.145
11-06-2024 21:00;1730926802;;;;;;;;0.19;;0.385;;0.72;0.92;1.0;1.0;1.0;0.33;0.145
11-06-2024 22:00;1730930402;;;;;;;;0.19;;0.38;;0.715;0.93;1.0;1.0;1.0;0.335;0.145
11-06-2024 23:00;1730934003;;;;;;;;0.185;;0.39;;0.71;0.93;1.0;1.0;1.0;0.33;0.13
11-07-2024 00:00;1730937603;;;;;;;;0.165;;0.375;;0.7;0.885;1.0;1.0;1.0;0.335;0.14
11-07-2024 01:00;1730941203;;;;;;;;0.18;;0.365;;0.67;0.845;1.0;1.0;1.0;0.32;0.14
11-07-2024 02:00;1730944802;;;;;;;;0.17;;0.35;;0.65;0.835;1.0;1.0;1.0;0.32;0.14
11-07-2024 03:00;1730948402;;;;;;;;0.175;;0.33;;0.645;0.835;1.0;1.0;1.0;0.315;0.135
11-07-2024 04:00;1730952002;;;;;;;;0.185;;0.345;;0.64;0.83;1.0;1.0;1.0;0.305;0.13
11-07-2024 05:00;1730955602;;;;;;;;0.185;;0.325;;0.63;0.83;1.0;1.0;1.0;0.355;0.145
11-07-2024 06:00;1730959202;;;;;;;;0.175;;0.32;;0.615;0.83;1.0;1.0;1.0;0.35;0.145
11-07-2024 07:00;1730962802;;;;;;;;0.15;;0.3;;0.6;0.79;1.0;1.0;1.0;0.345;0.16
11-07-2024 08:00;1730966402;;;;;;;;0.17;;0.325;;0.635;0.81;1.0;1.0;1.0;0.345;0.165
11-07-2024 09:00;1730970002;;;;;;;;0.16;;0.325;;0.675;0.825;1.0;1.0;1.0;0.33;0.135
11-07-2024 10:00;1730973602;;;;;;;;0.165;;0.315;;0.62;0.815;1.0;1.0;1.0;0.325;0.125
11-07-2024 11:00;1730977202;;;;;;;;0.15;;0.305;;0.635;0.815;1.0;1.0;1.0;0.325;0.125
11-07-2024 12:00;1730980802;;;;;;;;0.145;;0.315;;0.61;0.815;1.0;1.0;1.0;0.325;0.135
11-07-2024 13:00;1730984402;;;;;;;;0.145;;0.32;;0.61;0.835;1.0;1.0;1.0;0.32;0.135
11-07-2024 14:00;1730988002;;;;;;;;0.14;;0.305;;0.59;0.83;1.0;1.0;1.0;0.315;0.135
11-07-2024 15:00;1730991602;;;;;;;;0.145;;0.315;;0.59;0.825;1.0;1.0;1.0;0.315;0.13
11-07-2024 16:00;1730995202;;;;;;;;0.15;;0.325;;0.68;0.875;1.0;1.0;1.0;0.295;0.115
11-07-2024 17:00;1730998802;;;;;;;;0.19;;0.315;;0.68;0.875;1.0;1.0;1.0;0.29;0.11
11-07-2024 18:00;1731002403;;;;;;;;0.175;0.225;0.33;0.525;0.69;0.88;1.0;1.0;1.0;0.27;0.105
11-07-2024 19:00;1731006002;;;;;;;;0.185;0.38;0.495;0.615;0.695;0.89;1.0;1.0;1.0;0.27;0.105
11-07-2024 20:00;1731009602;;;;;;;;0.185;0.345;0.41;0.635;0.68;0.875;1.0;1.0;1.0;0.275;0.105
11-07-2024 21:00;1731013202;;;;;;;;0.18;0.31;0.38;0.61;0.72;0.89;1.0;1.0;1.0;0.265;0.1
11-07-2024 22:00;1731016802;;;;;;;;0.185;0.29;0.38;0.575;0.665;0.855;1.0;1.0;1.0;0.285;0.105
11-07-2024 23:00;1731020402;;;;;;;;0.185;0.3;0.37;0.525;0.665;0.855;1.0;1.0;1.0;0.29;0.08
11-08-2024 00:00;1731024002;;;;;;;;0.185;0.275;0.37;0.545;0.685;0.885;1.0;1.0;1.0;0.265;0.08
11-08-2024 01:00;1731027603;;;;;;;;0.18;0.275;0.38;0.56;0.695;0.875;1.0;1.0;1.0;0.265;0.095
11-08-2024 02:00;1731031202;;;;;;;;0.18;0.275;0.38;0.555;0.675;0.87;1.0;1.0;1.0;0.265;0.09
11-08-2024 03:00;1731034802;;;;;;;;0.175;0.26;0.35;0.525;0.65;0.84;1.0;1.0;1.0;0.27;0.09
11-08-2024 04:00;1731038402;;;;;;;;0.18;0.265;0.375;0.52;0.665;0.855;1.0;1.0;1.0;0.27;0.09
11-08-2024 05:00;1731042002;;;;;;;;0.18;0.255;0.355;0.51;0.655;0.85;1.0;1.0;1.0;0.26;0.095
11-08-2024 06:00;1731045602;;;;;;;;0.175;0.275;0.365;0.525;0.685;0.885;1.0;1.0;1.0;0.26;0.09
11-08-2024 07:00;1731049202;;;;;;;;0.165;0.27;0.345;0.51;0.67;0.875;1.0;1.0;1.0;0.26;0.085
11-08-2024 08:00;1731052802;;;;;;;;0.17;0.26;0.35;0.53;0.675;0.895;1.0;1.0;1.0;0.24;0.075
11-08-2024 09:00;1731056403;;;;;;;;0.16;0.24;0.325;0.5;0.645;0.86;1.0;1.0;1.0;0.225;0.07
11-08-2024 10:00;1731060002;;;;;;;;0.155;0.235;0.325;0.49;0.65;0.865;1.0;1.0;1.0;0.225;0.075
11-08-2024 11:00;1731063602;;;;;;;;0.155;0.23;0.335;0.495;0.665;0.88;1.0;1.0;1.0;0.22;0.065
11-08-2024 12:00;1731067203;;;;;;;;0.16;0.235;0.345;0.5;0.645;0.865;1.0;1.0;1.0;0.215;0.065
11-08-2024 13:00;1731070802;;;;;;;;0.16;0.235;0.345;0.51;0.66;0.865;1.0;1.0;1.0;0.215;0.065
11-08-2024 14:00;1731074402;;;;;;;;0.165;0.25;0.345;0.505;0.66;0.875;1.0;1.0;1.0;0.21;0.065
11-08-2024 15:00;1731078003;;;;;;;;0.15;0.225;0.325;0.475;0.65;0.84;1.0;1.0;1.0;0.21;0.065
11-08-2024 16:00;1731081602;;;;;;;;0.16;0.255;0.35;0.515;0.695;0.88;1.0;1.0;1.0;0.19;0.065
11-08-2024 17:00;1731085202;;;;;;;;0.165;0.24;0.345;0.495;0.67;0.87;1.0;1.0;1.0;0.205;0.07
11-08-2024 18:00;1731088803;;;;;;;;0.18;0.255;0.375;0.525;0.7;0.88;1.0;1.0;1.0;0.195;0.065
11-08-2024 19:00;1731092402;;;;;;;;0.18;0.275;0.375;0.56;0.725;0.91;1.0;1.0;1.0;0.18;0.065
11-08-2024 20:00;1731096003;;;;;;;;0.18;0.285;0.395;0.565;0.735;0.955;1.0;1.0;1.0;0.175;0.06
11-08-2024 21:00;1731099602;;;;;;;;0.185;0.285;0.35;0.53;0.675;0.885;1.0;1.0;1.0;0.185;0.065
11-08-2024 22:00;1731103202;;;;;;;;0.17;0.255;0.36;0.51;0.66;0.87;1.0;1.0;1.0;0.18;0.065
11-08-2024 23:00;1731106802;;;;;;;;0.165;0.255;0.37;0.515;0.665;0.855;1.0;1.0;1.0;0.165;0.065
11-09-2024 00:00;1731110403;;;;;;;;0.16;0.235;0.365;0.505;0.645;0.865;1.0;1.0;1.0;0.175;0.06
11-09-2024 01:00;1731114002;;;;;;;;0.15;0.25;0.36;0.505;0.655;0.875;1.0;1.0;1.0;0.18;0.065
11-09-2024 02:00;1731117603;;;;;;;;0.16;0.255;0.355;0.5;0.655;0.86;1.0;1.0;1.0;0.165;0.055
11-09-2024 03:00;1731121202;;;;;;;;0.16;0.235;0.345;0.5;0.655;0.855;1.0;1.0;1.0;0.165;0.055
11-09-2024 04:00;1731124803;;;;;;;;0.155;0.28;0.34;0.495;0.645;0.855;1.0;1.0;1.0;0.16;0.055
11-09-2024 05:00;1731128403;;;;;;;;0.16;0.255;0.345;0.46;0.645;0.87;1.0;1.0;1.0;0.16;0.055
11-09-2024 06:00;1731132003;;;;;;;;0.17;0.25;0.365;0.5;0.66;0.88;1.0;1.0;1.0;0.155;0.055
11-09-2024 07:00;1731135603;;;;;;;;0.16;0.245;0.365;0.51;0.66;0.88;1.0;1.0;1.0;0.155;0.035
11-09-2024 08:00;1731139202;;;;;;;;0.16;0.25;0.355;0.51;0.655;0.865;1.0;1.0;1.0;0.145;0.025
11-09-2024 09:00;1731142802;;;;;;;;0.17;0.255;0.365;0.515;0.665;0.875;1.0;1.0;1.0;0.14;0.025
11-09-2024 10:00;1731146403;;;;;;;;0.17;0.255;0.365;0.515;0.67;0.885;1.0;1.0;1.0;0.14;0.085
11-09-2024 11:00;1731150002;;;;;;;;0.16;0.255;0.36;0.515;0.655;0.885;1.0;1.0;1.0;0.14;0.0525
11-09-2024 12:00;1731153602;;;;;;;;0.165;0.255;0.365;0.515;0.655;0.86;1.0;1.0;1.0;0.14;0.0425
11-09-2024 13:00;1731157202;;;;;;;;0.175;0.255;0.37;0.5;0.65;0.855;1.0;1.0;1.0;0.145;0.046
11-09-2024 14:00;1731160802;;;;;;;;0.165;0.26;0.37;0.5;0.66;0.865;1.0;1.0;1.0;0.155;0.0465
11-09-2024 15:00;1731164402;;;;;;;;0.165;0.26;0.35;0.495;0.65;0.855;1.0;1.0;1.0;0.15;0.0465
11-09-2024 16:00;1731168003;;;;;;;;0.175;0.255;0.345;0.49;0.65;0.855;1.0;1.0;1.0;0.155;0.0465
11-09-2024 17:00;1731171603;;;;;;;;0.17;0.255;0.335;0.475;0.64;0.845;1.0;1.0;1.0;0.155;0.032
11-09-2024 18:00;1731175202;;;;;;;;0.17;0.255;0.335;0.47;0.64;0.845;1.0;1.0;1.0;0.16;0.034
11-09-2024 19:00;1731178803;;;;;;;;0.17;0.255;0.345;0.475;0.635;0.86;1.0;1.0;1.0;0.16;0.034
11-09-2024 20:00;1731182402;;;;;;;;0.17;0.255;0.34;0.48;0.645;0.85;1.0;1.0;1.0;0.16;0.0345
11-09-2024 21:00;1731186002;;;;;;;;0.175;0.255;0.335;0.41;0.63;0.86;1.0;1.0;1.0;0.165;0.037
11-09-2024 22:00;1731189602;;;;;;;;0.18;0.255;0.35;0.465;0.645;0.865;1.0;1.0;1.0;0.155;0.0395
11-09-2024 23:00;1731193202;;;;;;;;0.175;0.26;0.34;0.485;0.65;0.875;1.0;1.0;1.0;0.16;0.0445
11-10-2024 00:00;1731196802;;;;;;;;0.17;0.26;0.375;0.5;0.675;0.9;1.0;1.0;1.0;0.145;0.046
11-10-2024 01:00;1731200402;;;;;;;;0.17;0.275;0.385;0.49;0.705;0.905;1.0;1.0;1.0;0.14;0.043
11-10-2024 02:00;1731204003;;;;;;;;0.17;0.28;0.375;0.495;0.7;0.88;1.0;1.0;1.0;0.14;0.043
11-10-2024 03:00;1731207602;;;;;;;;0.175;0.295;0.385;0.54;0.725;0.925;1.0;1.0;1.0;0.135;0.043
11-10-2024 04:00;1731211202;;;;;;;;0.175;0.305;0.395;0.535;0.71;0.9425;1.0;1.0;1.0;0.14;0.0435
11-10-2024 05:00;1731214803;;;;;;;;0.225;0.425;0.54;0.615;0.875;0.9995;1.0;1.0;1.0;0.13;0.046
11-10-2024 06:00;1731218402;;;;;;;;0.285;0.405;0.555;0.715;0.93;0.9995;1.0;1.0;1.0;0.12;0.0415
11-10-2024 07:00;1731222003;;;;;;;;0.285;0.395;0.535;0.675;0.91;1.0;1.0;1.0;1.0;0.115;0.043
11-10-2024 08:00;1731225603;;;;;;;;0.245;0.395;0.515;0.675;0.9;1.0;1.0;1.0;1.0;0.125;0.042
11-10-2024 09:00;1731229202;;;;;;;;0.29;0.38;0.53;0.695;0.915;1.0;1.0;1.0;1.0;0.125;0.043
11-10-2024 10:00;1731232802;;;;;;;;0.27;0.415;0.55;0.725;0.955;1.0;1.0;1.0;1.0;0.12;0.0425
11-10-2024 11:00;1731236403;;;;;;;;0.3;0.425;0.565;0.73;0.955;1.0;1.0;1.0;1.0;0.115;0.0415
11-10-2024 12:00;1731240002;;;;;;;;0.315;0.445;0.615;0.775;0.9995;1.0;1.0;1.0;1.0;0.125;0.0435
11-10-2024 13:00;1731243602;;;;;;;;0.315;0.445;0.605;0.765;0.9995;1.0;1.0;1.0;1.0;0.1;0.043
11-10-2024 14:00;1731247202;;;;;;;;0.3;0.45;0.62;0.77;0.9995;1.0;1.0;1.0;1.0;0.1;0.0425
11-10-2024 15:00;1731250802;;;;;;;;0.29;0.44;0.625;0.755;1.0;1.0;1.0;1.0;1.0;0.1;0.0425
11-10-2024 16:00;1731254403;;;;;;;;0.275;0.425;0.625;0.755;1.0;1.0;1.0;1.0;1.0;0.105;0.038
11-10-2024 17:00;1731258003;;;;;;;;0.285;0.425;0.615;0.775;1.0;1.0;1.0;1.0;1.0;0.105;0.037
11-10-2024 18:00;1731261602;;;;;;;;0.34;0.505;0.665;0.825;1.0;1.0;1.0;1.0;1.0;0.085;0.037
11-10-2024 19:00;1731265202;;;;;;;;0.385;0.56;0.72;0.85;1.0;1.0;1.0;1.0;1.0;0.08;0.043
11-10-2024 20:00;1731268802;;;;;;;;0.31;0.45;0.645;0.785;1.0;1.0;1.0;1.0;1.0;0.09;0.0435
11-10-2024 21:00;1731272402;;;;;;;;0.295;0.415;0.605;0.765;1.0;1.0;1.0;1.0;1.0;0.105;0.0465
11-10-2024 22:00;1731276002;;;;;;;;0.325;0.47;0.62;0.8;1.0;1.0;1.0;1.0;1.0;0.095;0.046
11-10-2024 23:00;1731279602;;;;;;;;0.38;0.565;0.7;0.87;1.0;1.0;1.0;1.0;1.0;0.09;0.04
11-11-2024 00:00;1731283202;;;;;;;;0.36;0.525;0.68;0.825;1.0;1.0;1.0;1.0;1.0;0.095;0.037
11-11-2024 01:00;1731286802;;;;;;;;0.36;0.54;0.69;0.85;1.0;1.0;1.0;1.0;1.0;0.085;0.043
11-11-2024 02:00;1731290402;;;;;;;;0.395;0.565;0.74;0.905;1.0;1.0;1.0;1.0;1.0;0.09;0.043
11-11-2024 03:00;1731294002;;;;;;;;0.435;0.605;0.75;0.925;1.0;1.0;1.0;1.0;1.0;0.09;0.0435
11-11-2024 04:00;1731297602;;;;;;;;0.43;0.585;0.775;0.925;1.0;1.0;1.0;1.0;1.0;0.085;0.0355
11-11-2024 05:00;1731301202;;;;;;;;0.405;0.56;0.74;0.925;1.0;1.0;1.0;1.0;1.0;0.07;0.035
11-11-2024 06:00;1731304802;;;;;;;;0.355;0.505;0.69;0.85;1.0;1.0;1.0;1.0;1.0;0.09;0.035
11-11-2024 07:00;1731308402;;;;;;;;0.355;0.52;0.685;0.865;1.0;1.0;1.0;1.0;1.0;0.085;0.035
11-11-2024 08:00;1731312002;;;;;;;;0.37;0.53;0.705;0.88;1.0;1.0;1.0;1.0;1.0;0.085;0.035
11-11-2024 09:00;1731315602;;;;;;;;0.385;0.56;0.715;0.9;1.0;1.0;1.0;1.0;1.0;0.085;0.0355
11-11-2024 10:00;1731319202;;;;;;;;0.41;0.575;0.745;0.925;1.0;1.0;1.0;1.0;1.0;0.085;0.0365
11-11-2024 11:00;1731322802;;;;;;;;0.41;0.6;0.77;0.945;1.0;1.0;1.0;1.0;1.0;0.08;0.0345
11-11-2024 12:00;1731326402;;;;;;;;0.42;0.605;0.775;0.946;1.0;1.0;1.0;1.0;1.0;0.075;0.0345
11-11-2024 13:00;1731330002;;;;;;;;0.435;0.615;0.785;0.971;1.0;1.0;1.0;1.0;1.0;0.06;0.0355
11-11-2024 14:00;1731333602;;;;;;;;0.425;0.635;0.76;0.938;1.0;1.0;1.0;1.0;1.0;0.07;0.041
11-11-2024 15:00;1731337202;;;;;;;;0.485;0.675;0.815;0.9995;1.0;1.0;1.0;1.0;1.0;0.065;0.041
11-11-2024 16:00;1731340802;;;;;;;;0.605;0.785;0.935;0.9995;1.0;1.0;1.0;1.0;1.0;0.06;0.0425
11-11-2024 17:00;1731344402;;;;;;;;0.64;0.785;0.9185;1.0;1.0;1.0;1.0;1.0;1.0;0.06;0.039
11-11-2024 18:00;1731348003;;;;;;0.255;0.565;0.69;0.835;0.9565;1.0;1.0;1.0;1.0;1.0;1.0;0.055;0.033
11-11-2024 19:00;1731351602;;;;;;0.265;0.535;0.8;0.935;0.9995;1.0;1.0;1.0;1.0;1.0;1.0;0.065;0.033
11-11-2024 20:00;1731355203;;;;;;0.385;0.54;0.815;0.935;0.9995;1.0;1.0;1.0;1.0;1.0;1.0;0.065;0.033
11-11-2024 21:00;1731358802;;;;;;0.34;0.595;0.845;0.9645;0.9995;1.0;1.0;1.0;1.0;1.0;1.0;0.065;0.033
11-11-2024 22:00;1731362402;;;;;;0.355;0.65;0.875;0.9995;1.0;1.0;1.0;1.0;1.0;1.0;1.0;0.055;0.0335
11-11-2024 23:00;1731366002;;;;;;0.34;0.64;0.815;0.9995;1.0;1.0;1.0;1.0;1.0;1.0;1.0;0.06;0.0335
11-12-2024 00:00;1731369602;;;;;;0.375;0.705;0.905;1.0;1.0;1.0;1.0;1.0;1.0;1.0;1.0;0.065;0.0335
11-12-2024 01:00;1731373202;;;;;;0.345;0.705;0.91;1.0;1.0;1.0;1.0;1.0;1.0;1.0;1.0;0.055;0.0335
11-12-2024 02:00;1731376803;;;;;;0.335;0.7;0.895;1.0;1.0;1.0;1.0;1.0;1.0;1.0;1.0;0.055;0.0335
11-12-2024 03:00;1731380403;;;;;;0.305;0.655;0.87;1.0;1.0;1.0;1.0;1.0;1.0;1.0;1.0;0.085;0.0335
11-12-2024 04:00;1731384003;;;;;;0.33;0.68;0.905;1.0;1.0;1.0;1.0;1.0;1.0;1.0;1.0;0.085;0.034
11-12-2024 05:00;1731387602;;;;;;0.345;0.69;0.915;1.0;1.0;1.0;1.0;1.0;1.0;1.0;1.0;0.075;0.0555
11-12-2024 06:00;1731391203;;;;;;0.33;0.675;0.905;1.0;1.0;1.0;1.0;1.0;1.0;1.0;1.0;0.07;0.052
11-12-2024 07:00;1731394803;;;;;;0.38;0.755;0.955;1.0;1.0;1.0;1.0;1.0;1.0;1.0;1.0;0.065;0.054
11-12-2024 08:00;1731398403;;;;;;0.35;0.73;0.919;1.0;1.0;1.0;1.0;1.0;1.0;1.0;1.0;0.07;0.049
11-12-2024 09:00;1731402002;;;;;;0.355;0.735;0.9455;1.0;1.0;1.0;1.0;1.0;1.0;1.0;1.0;0.07;0.0465
11-12-2024 10:00;1731405603;;;;;;0.31;0.655;0.8745;1.0;1.0;1.0;1.0;1.0;1.0;1.0;1.0;0.06;0.0465
11-12-2024 11:00;1731409203;;;;;;0.195;0.58;0.805;1.0;1.0;1.0;1.0;1.0;1.0;1.0;1.0;0.065;0.0455
11-12-2024 12:00;1731412803;;;;;;0.22;0.595;0.862;1.0;1.0;1.0;1.0;1.0;1.0;1.0;1.0;0.06;0.0345
11-12-2024 13:00;1731416403;;;;;;0.22;0.55;0.805;1.0;1.0;1.0;1.0;1.0;1.0;1.0;1.0;0.075;0.0365
11-12-2024 14:00;1731420002;;;;;;0.205;0.54;0.8225;1.0;1.0;1.0;1.0;1.0;1.0;1.0;1.0;0.075;0.036
11-12-2024 15:00;1731423603;;;;;;0.225;0.57;0.852;1.0;1.0;1.0;1.0;1.0;1.0;1.0;1.0;0.07;0.0375
11-12-2024 16:00;1731427203;;;;;;0.23;0.55;0.8155;1.0;1.0;1.0;1.0;1.0;1.0;1.0;1.0;0.07;0.0385
11-12-2024 17:00;1731430802;;;;;;0.235;0.555;0.83;1.0;1.0;1.0;1.0;1.0;1.0;1.0;1.0;0.075;0.037
11-12-2024 18:00;1731434403;;;;;;0.24;0.56;0.8185;1.0;1.0;1.0;1.0;1.0;1.0;1.0;1.0;0.07;0.036
11-12-2024 19:00;1731438003;;;;;;0.28;0.675;0.915;1.0;1.0;1.0;1.0;1.0;1.0;1.0;1.0;0.065;0.0435
11-12-2024 20:00;1731441603;;;;;;0.295;0.685;0.9045;1.0;1.0;1.0;1.0;1.0;1.0;1.0;1.0;0.065;0.0415
11-12-2024 21:00;1731445203;;;;;;0.33;0.725;0.953;1.0;1.0;1.0;1.0;1.0;1.0;1.0;1.0;0.075;0.045
11-12-2024 22:00;1731448803;;;;;;0.285;0.665;0.886;1.0;1.0;1.0;1.0;1.0;1.0;1.0;1.0;0.07;0.046
11-12-2024 23:00;1731452403;;;;;;0.27;0.685;0.9135;1.0;1.0;1.0;1.0;1.0;1.0;1.0;1.0;0.075;0.044
11-13-2024 00:00;1731456003;;;;;;0.275;0.66;0.872;1.0;1.0;1.0;1.0;1.0;1.0;1.0;1.0;0.075;0.0435
11-13-2024 01:00;1731459603;;;;;;0.27;0.67;0.873;1.0;1.0;1.0;1.0;1.0;1.0;1.0;1.0;0.07;0.044
11-13-2024 02:00;1731463203;;;;;;0.275;0.66;0.8665;1.0;1.0;1.0;1.0;1.0;1.0;1.0;1.0;0.07;0.0415
11-13-2024 03:00;1731466803;;;;;;0.26;0.64;0.8715;1.0;1.0;1.0;1.0;1.0;1.0;1.0;1.0;0.07;0.0445
11-13-2024 04:00;1731470403;;;;;;0.25;0.605;0.8195;1.0;1.0;1.0;1.0;1.0;1.0;1.0;1.0;0.06;0.0425
11-13-2024 05:00;1731474003;;;;;;0.24;0.565;0.8345;1.0;1.0;1.0;1.0;1.0;1.0;1.0;1.0;0.055;0.0445
11-13-2024 06:00;1731477603;;;;;;0.23;0.55;0.7975;1.0;1.0;1.0;1.0;1.0;1.0;1.0;1.0;0.06;0.0445
11-13-2024 07:00;1731481203;;;;;;0.22;0.535;0.798;1.0;1.0;1.0;1.0;1.0;1.0;1.0;1.0;0.065;0.0445
11-13-2024 08:00;1731484803;;;;;;0.225;0.565;0.8385;1.0;1.0;1.0;1.0;1.0;1.0;1.0;1.0;0.055;0.0385
11-13-2024 09:00;1731488402;;;;;;0.225;0.57;0.813;1.0;1.0;1.0;1.0;1.0;1.0;1.0;1.0;0.055;0.0345
11-13-2024 10:00;1731492003;;;;;;0.215;0.57;0.821;1.0;1.0;1.0;1.0;1.0;1.0;1.0;1.0;0.055;0.0355
11-13-2024 11:00;1731495603;;;;;;0.215;0.56;0.815;1.0;1.0;1.0;1.0;1.0;1.0;1.0;1.0;0.055;0.0415
11-13-2024 12:00;1731499202;;;;;;0.205;0.57;0.8245;1.0;1.0;1.0;1.0;1.0;1.0;1.0;1.0;0.055;0.0425
11-13-2024 13:00;1731502802;;;;;;0.215;0.595;0.8545;1.0;1.0;1.0;1.0;1.0;1.0;1.0;1.0;0.055;0.0425
11-13-2024 14:00;1731506402;;;;;;0.265;0.645;0.8965;1.0;1.0;1.0;1.0;1.0;1.0;1.0;1.0;0.05;0.0325
11-13-2024 15:00;1731510002;;;;;;0.365;0.795;0.9995;1.0;1.0;1.0;1.0;1.0;1.0;1.0;1.0;0.045;0.036
11-13-2024 16:00;1731513603;;;;;;0.38;0.845;0.997;1.0;1.0;1.0;1.0;1.0;1.0;1.0;1.0;0.045;0.0325
11-13-2024 17:00;1731517203;;;;;;0.39;0.85;1.0;1.0;1.0;1.0;1.0;1.0;1.0;1.0;1.0;0.0375;0.0245
11-13-2024 18:00;1731520803;;;;;0.23;0.36;0.845;1.0;1.0;1.0;1.0;1.0;1.0;1.0;1.0;1.0;0.0455;0.03
11-13-2024 19:00;1731524403;0.455;0.5;0.5;0.5;0.315;0.395;0.865;1.0;1.0;1.0;1.0;1.0;1.0;1.0;1.0;1.0;0.0435;0.0305
11-13-2024 20:00;1731528003;0.06;0.065;0.115;0.13;0.245;0.335;0.775;1.0;1.0;1.0;1.0;1.0;1.0;1.0;1.0;1.0;0.0415;0.035
11-13-2024 21:00;1731531603;0.04;0.06;0.07;0.12;0.17;0.315;0.765;1.0;1.0;1.0;1.0;1.0;1.0;1.0;1.0;1.0;0.0485;0.035
11-13-2024 22:00;1731535203;0.036;0.045;0.065;0.085;0.175;0.285;0.705;1.0;1.0;1.0;1.0;1.0;1.0;1.0;1.0;1.0;0.048;0.037
11-13-2024 23:00;1731538803;0.0365;0.04;0.055;0.085;0.17;0.33;0.76;1.0;1.0;1.0;1.0;1.0;1.0;1.0;1.0;1.0;0.0495;0.035
11-14-2024 00:00;1731542403;0.035;0.04;0.055;0.1;0.18;0.335;0.785;1.0;1.0;1.0;1.0;1.0;1.0;1.0;1.0;1.0;0.045;0.03
11-14-2024 01:00;1731546003;0.032;0.04;0.055;0.1;0.19;0.33;0.765;1.0;1.0;1.0;1.0;1.0;1.0;1.0;1.0;1.0;0.0445;0.03
11-14-2024 02:00;1731549603;0.0315;0.04;0.06;0.1;0.19;0.33;0.775;1.0;1.0;1.0;1.0;1.0;1.0;1.0;1.0;1.0;0.043;0.031
11-14-2024 03:00;1731553203;0.03;0.035;0.055;0.09;0.185;0.345;0.75;1.0;1.0;1.0;1.0;1.0;1.0;1.0;1.0;1.0;0.0425;0.033
11-14-2024 04:00;1731556803;0.03;0.0375;0.055;0.09;0.195;0.335;0.77;1.0;1.0;1.0;1.0;1.0;1.0;1.0;1.0;1.0;0.045;0.034
11-14-2024 05:00;1731560402;0.03;0.038;0.055;0.085;0.205;0.35;0.775;1.0;1.0;1.0;1.0;1.0;1.0;1.0;1.0;1.0;0.0445;0.033
11-14-2024 06:00;1731564002;0.0295;0.038;0.055;0.095;0.215;0.345;0.765;1.0;1.0;1.0;1.0;1.0;1.0;1.0;1.0;1.0;0.045;0.0335
11-14-2024 07:00;1731567603;0.024;0.0305;0.055;0.09;0.22;0.34;0.77;1.0;1.0;1.0;1.0;1.0;1.0;1.0;1.0;1.0;0.0445;0.025
11-14-2024 08:00;1731571203;0.033;0.04;0.055;0.09;0.205;0.37;0.805;1.0;1.0;1.0;1.0;1.0;1.0;1.0;1.0;1.0;0.043;0.0265
11-14-2024 09:00;1731574803;0.028;0.0455;0.055;0.09;0.195;0.365;0.83;1.0;1.0;1.0;1.0;1.0;1.0;1.0;1.0;1.0;0.0435;0.0275
11-14-2024 10:00;1731578403;0.0285;0.0465;0.06;0.09;0.22;0.375;0.835;1.0;1.0;1.0;1.0;1.0;1.0;1.0;1.0;1.0;0.0455;0.028
11-14-2024 11:00;1731582003;0.026;0.04;0.07;0.095;0.22;0.37;0.835;1.0;1.0;1.0;1.0;1.0;1.0;1.0;1.0;1.0;0.0455;0.033
11-14-2024 12:00;1731585602;0.026;0.0405;0.075;0.1;0.215;0.375;0.845;1.0;1.0;1.0;1.0;1.0;1.0;1.0;1.0;1.0;0.045;0.032
11-14-2024 13:00;1731589203;0.0245;0.042;0.065;0.1;0.215;0.375;0.835;1.0;1.0;1.0;1.0;1.0;1.0;1.0;1.0;1.0;0.0435;0.0245
11-14-2024 14:00;1731592803;0.0325;0.045;0.07;0.1;0.23;0.37;0.81;1.0;1.0;1.0;1.0;1.0;1.0;1.0;1.0;1.0;0.042;0.025
11-14-2024 15:00;1731596403;0.035;0.0445;0.065;0.08;0.175;0.3;0.8;1.0;1.0;1.0;1.0;1.0;1.0;1.0;1.0;1.0;0.0435;0.024
11-14-2024 16:00;1731600003;0.0285;0.0445;0.065;0.085;0.135;0.3;0.725;1.0;1.0;1.0;1.0;1.0;1.0;1.0;1.0;1.0;0.042;0.0255
11-14-2024 17:00;1731603603;0.027;0.042;0.06;0.08;0.135;0.285;0.75;1.0;1.0;1.0;1.0;1.0;1.0;1.0;1.0;1.0;0.0445;0.0255
11-14-2024 18:00;1731607203;0.0235;0.042;0.055;0.085;0.145;0.29;0.76;1.0;1.0;1.0;1.0;1.0;1.0;1.0;1.0;1.0;0.047;0.0265
11-14-2024 19:00;1731610803;0.022;0.042;0.05;0.08;0.15;0.285;0.74;1.0;1.0;1.0;1.0;1.0;1.0;1.0;1.0;1.0;0.055;0.027
11-14-2024 20:00;1731614403;0.022;0.042;0.05;0.075;0.15;0.295;0.755;1.0;1.0;1.0;1.0;1.0;1.0;1.0;1.0;1.0;0.054;0.0265
11-14-2024 21:00;1731618003;0.0195;0.039;0.045;0.07;0.12;0.27;0.705;1.0;1.0;1.0;1.0;1.0;1.0;1.0;1.0;1.0;0.053;0.0265
11-14-2024 22:00;1731621603;0.0195;0.036;0.045;0.07;0.13;0.295;0.7;1.0;1.0;1.0;1.0;1.0;1.0;1.0;1.0;1.0;0.054;0.0315
11-14-2024 23:00;1731625203;0.02;0.036;0.045;0.065;0.13;0.275;0.675;1.0;1.0;1.0;1.0;1.0;1.0;1.0;1.0;1.0;0.056;0.0255
11-15-2024 00:00;1731628803;0.0195;0.035;0.045;0.065;0.13;0.28;0.63;1.0;1.0;1.0;1.0;1.0;1.0;1.0;1.0;1.0;0.0565;0.027
11-15-2024 01:00;1731632403;0.0195;0.035;0.045;0.065;0.135;0.285;0.665;1.0;1.0;1.0;1.0;1.0;1.0;1.0;1.0;1.0;0.0515;0.032
11-15-2024 02:00;1731636003;0.021;0.035;0.045;0.065;0.135;0.285;0.665;1.0;1.0;1.0;1.0;1.0;1.0;1.0;1.0;1.0;0.0545;0.032
11-15-2024 03:00;1731639603;0.0215;0.035;0.045;0.065;0.135;0.285;0.68;1.0;1.0;1.0;1.0;1.0;1.0;1.0;1.0;1.0;0.051;0.0325
11-15-2024 04:00;1731643203;0.021;0.035;0.045;0.065;0.135;0.275;0.66;1.0;1.0;1.0;1.0;1.0;1.0;1.0;1.0;1.0;0.052;0.031
11-15-2024 05:00;1731646802;0.0215;0.0265;0.035;0.065;0.13;0.255;0.615;1.0;1.0;1.0;1.0;1.0;1.0;1.0;1.0;1.0;0.0465;0.0365
11-15-2024 06:00;1731650402;0.0175;0.0225;0.0355;0.06;0.135;0.245;0.6;1.0;1.0;1.0;1.0;1.0;1.0;1.0;1.0;1.0;0.048;0.035
11-15-2024 07:00;1731654003;0.0205;0.026;0.0375;0.06;0.135;0.255;0.61;1.0;1.0;1.0;1.0;1.0;1.0;1.0;1.0;1.0;0.048;0.032
11-15-2024 08:00;1731657603;0.0205;0.027;0.0375;0.06;0.115;0.265;0.615;1.0;1.0;1.0;1.0;1.0;1.0;1.0;1.0;1.0;0.0525;0.033
11-15-2024 09:00;1731661203;0.0205;0.027;0.0375;0.06;0.125;0.235;0.615;1.0;1.0;1.0;1.0;1.0;1.0;1.0;1.0;1.0;0.052;0.0335
11-15-2024 10:00;1731664804;0.024;0.029;0.042;0.06;0.145;0.255;0.705;1.0;1.0;1.0;1.0;1.0;1.0;1.0;1.0;1.0;0.0545;0.0355
11-15-2024 11:00;1731668402;0.0225;0.0305;0.048;0.055;0.13;0.285;0.715;1.0;1.0;1.0;1.0;1.0;1.0;1.0;1.0;1.0;0.0505;0.036
11-15-2024 12:00;1731672002;0.021;0.0305;0.048;0.055;0.12;0.3;0.73;1.0;1.0;1.0;1.0;1.0;1.0;1.0;1.0;1.0;0.0425;0.0365
11-15-2024 13:00;1731675603;0.026;0.03;0.0475;0.055;0.125;0.315;0.735;1.0;1.0;1.0;1.0;1.0;1.0;1.0;1.0;1.0;0.05;0.0365
11-15-2024 14:00;1731679204;0.0235;0.0275;0.0465;0.055;0.155;0.295;0.74;1.0;1.0;1.0;1.0;1.0;1.0;1.0;1.0;1.0;0.0455;0.035
11-15-2024 15:00;1731682803;0.0145;0.0175;0.0465;0.055;0.155;0.25;0.7;1.0;1.0;1.0;1.0;1.0;1.0;1.0;1.0;1.0;0.0465;0.026
11-15-2024 16:00;1731686403;0.0145;0.0175;0.0315;0.055;0.12;0.255;0.635;1.0;1.0;1.0;1.0;1.0;1.0;1.0;1.0;1.0;0.052;0.0335
11-15-2024 17:00;1731690003;0.0145;0.0175;0.036;0.055;0.135;0.27;0.66;1.0;1.0;1.0;1.0;1.0;1.0;1.0;1.0;1.0;0.047;0.0255
11-15-2024 18:00;1731693603;0.015;0.0175;0.036;0.055;0.135;0.25;0.68;1.0;1.0;1.0;1.0;1.0;1.0;1.0;1.0;1.0;0.049;0.029
11-15-2024 19:00;1731697203;0.016;0.0175;0.036;0.055;0.135;0.245;0.675;1.0;1.0;1.0;1.0;1.0;1.0;1.0;1.0;1.0;0.0495;0.028
11-15-2024 20:00;1731700803;0.015;0.0175;0.037;0.045;0.135;0.255;0.715;1.0;1.0;1.0;1.0;1.0;1.0;1.0;1.0;1.0;0.038;0.0245
11-15-2024 21:00;1731704403;0.015;0.017;0.037;0.05;0.155;0.29;0.765;1.0;1.0;1.0;1.0;1.0;1.0;1.0;1.0;1.0;0.038;0.024
11-15-2024 22:00;1731708003;0.0175;0.028;0.0415;0.055;0.18;0.31;0.775;1.0;1.0;1.0;1.0;1.0;1.0;1.0;1.0;1.0;0.0425;0.023
11-15-2024 23:00;1731711603;0.0175;0.0285;0.041;0.075;0.15;0.29;0.745;1.0;1.0;1.0;1.0;1.0;1.0;1.0;1.0;1.0;0.0415;0.023
11-16-2024 00:00;1731715203;0.016;0.023;0.032;0.075;0.15;0.29;0.745;1.0;1.0;1.0;1.0;1.0;1.0;1.0;1.0;1.0;0.0415;0.0265
11-16-2024 01:00;1731718803;0.0155;0.0235;0.0325;0.075;0.155;0.29;0.735;1.0;1.0;1.0;1.0;1.0;1.0;1.0;1.0;1.0;0.047;0.028
11-16-2024 02:00;1731722403;0.0155;0.0235;0.0325;0.075;0.145;0.28;0.75;1.0;1.0;1.0;1.0;1.0;1.0;1.0;1.0;1.0;0.04;0.0275
11-16-2024 03:00;1731726003;0.013;0.0235;0.033;0.07;0.145;0.285;0.75;1.0;1.0;1.0;1.0;1.0;1.0;1.0;1.0;1.0;0.039;0.0275
11-16-2024 04:00;1731729603;0.012;0.0235;0.033;0.075;0.15;0.27;0.74;1.0;1.0;1.0;1.0;1.0;1.0;1.0;1.0;1.0;0.0445;0.027
11-16-2024 05:00;1731733203;0.012;0.0235;0.033;0.075;0.15;0.275;0.755;1.0;1.0;1.0;1.0;1.0;1.0;1.0;1.0;1.0;0.045;0.027
11-16-2024 06:00;1731736803;0.0125;0.0235;0.0315;0.075;0.16;0.285;0.75;1.0;1.0;1.0;1.0;1.0;1.0;1.0;1.0;1.0;0.045;0.028
11-16-2024 07:00;1731740403;0.0145;0.023;0.0315;0.075;0.175;0.275;0.76;1.0;1.0;1.0;1.0;1.0;1.0;1.0;1.0;1.0;0.043;0.0275
11-16-2024 08:00;1731744002;0.013;0.0235;0.031;0.07;0.17;0.26;0.76;1.0;1.0;1.0;1.0;1.0;1.0;1.0;1.0;1.0;0.0435;0.0275
11-16-2024 09:00;1731747603;0.0135;0.024;0.031;0.07;0.155;0.26;0.75;1.0;1.0;1.0;1.0;1.0;1.0;1.0;1.0;1.0;0.0435;0.0265
11-16-2024 10:00;1731751202;0.014;0.023;0.028;0.065;0.145;0.265;0.745;1.0;1.0;1.0;1.0;1.0;1.0;1.0;1.0;1.0;0.0425;0.0255
11-16-2024 11:00;1731754803;0.014;0.0235;0.0295;0.065;0.14;0.265;0.75;1.0;1.0;1.0;1.0;1.0;1.0;1.0;1.0;1.0;0.0425;0.0265
11-16-2024 12:00;1731758403;0.0135;0.0165;0.023;0.045;0.135;0.26;0.745;1.0;1.0;1.0;1.0;1.0;1.0;1.0;1.0;1.0;0.0385;0.024
11-16-2024 13:00;1731762002;0.017;0.016;0.033;0.055;0.135;0.26;0.725;1.0;1.0;1.0;1.0;1.0;1.0;1.0;1.0;1.0;0.04;0.024
11-16-2024 14:00;1731765603;0.015;0.015;0.032;0.055;0.145;0.25;0.72;1.0;1.0;1.0;1.0;1.0;1.0;1.0;1.0;1.0;0.037;0.0235
11-16-2024 15:00;1731769203;0.0125;0.014;0.041;0.045;0.14;0.245;0.725;1.0;1.0;1.0;1.0;1.0;1.0;1.0;1.0;1.0;0.035;0.0245
11-16-2024 16:00;1731772802;0.013;0.014;0.034;0.04;0.14;0.24;0.705;1.0;1.0;1.0;1.0;1.0;1.0;1.0;1.0;1.0;0.0355;0.0245
11-16-2024 17:00;1731776403;0.0175;0.0135;0.035;0.04;0.14;0.24;0.715;1.0;1.0;1.0;1.0;1.0;1.0;1.0;1.0;1.0;0.033;0.021
11-16-2024 18:00;1731780003;0.017;0.017;0.0325;0.045;0.135;0.235;0.71;1.0;1.0;1.0;1.0;1.0;1.0;1.0;1.0;1.0;0.034;0.017
11-16-2024 19:00;1731783603;0.0145;0.017;0.0345;0.06;0.135;0.23;0.74;1.0;1.0;1.0;1.0;1.0;1.0;1.0;1.0;1.0;0.033;0.021
11-16-2024 20:00;1731787203;0.0165;0.017;0.0325;0.06;0.125;0.23;0.73;1.0;1.0;1.0;1.0;1.0;1.0;1.0;1.0;1.0;0.034;0.021
11-16-2024 21:00;1731790803;0.016;0.0175;0.0305;0.06;0.125;0.215;0.725;1.0;1.0;1.0;1.0;1.0;1.0;1.0;1.0;1.0;0.0345;0.022
11-16-2024 22:00;1731794403;0.0155;0.017;0.031;0.055;0.125;0.215;0.73;1.0;1.0;1.0;1.0;1.0;1.0;1.0;1.0;1.0;0.038;0.021
11-16-2024 23:00;1731798002;0.0155;0.017;0.031;0.055;0.115;0.215;0.695;1.0;1.0;1.0;1.0;1.0;1.0;1.0;1.0;1.0;0.0375;0.0215
11-17-2024 00:00;1731801603;0.0125;0.0205;0.028;0.055;0.11;0.205;0.69;1.0;1.0;1.0;1.0;1.0;1.0;1.0;1.0;1.0;0.036;0.024
11-17-2024 01:00;1731805203;0.0125;0.0205;0.0275;0.045;0.11;0.225;0.71;1.0;1.0;1.0;1.0;1.0;1.0;1.0;1.0;1.0;0.034;0.0215
11-17-2024 02:00;1731808803;0.0125;0.022;0.0255;0.045;0.115;0.21;0.68;1.0;1.0;1.0;1.0;1.0;1.0;1.0;1.0;1.0;0.0385;0.022
11-17-2024 03:00;1731812403;0.0125;0.02;0.0235;0.045;0.115;0.185;0.675;1.0;1.0;1.0;1.0;1.0;1.0;1.0;1.0;1.0;0.0395;0.025
11-17-2024 04:00;1731816003;0.0125;0.0195;0.0275;0.045;0.115;0.18;0.69;1.0;1.0;1.0;1.0;1.0;1.0;1.0;1.0;1.0;0.0385;0.023
11-17-2024 05:00;1731819602;0.012;0.021;0.028;0.05;0.115;0.19;0.69;1.0;1.0;1.0;1.0;1.0;1.0;1.0;1.0;1.0;0.0395;0.0235
11-17-2024 06:00;1731823203;0.012;0.019;0.027;0.05;0.115;0.195;0.69;1.0;1.0;1.0;1.0;1.0;1.0;1.0;1.0;1.0;0.0355;0.0215
11-17-2024 07:00;1731826803;0.012;0.02;0.027;0.045;0.12;0.19;0.69;1.0;1.0;1.0;1.0;1.0;1.0;1.0;1.0;1.0;0.033;0.021
11-17-2024 08:00;1731830403;0.0125;0.0225;0.0265;0.045;0.105;0.195;0.685;1.0;1.0;1.0;1.0;1.0;1.0;1.0;1.0;1.0;0.036;0.0215
11-17-2024 09:00;1731834003;0.0145;0.0225;0.024;0.045;0.105;0.205;0.72;1.0;1.0;1.0;1.0;1.0;1.0;1.0;1.0;1.0;0.033;0.0215
11-17-2024 10:00;1731837602;0.0145;0.0155;0.0265;0.045;0.105;0.22;0.73;1.0;1.0;1.0;1.0;1.0;1.0;1.0;1.0;1.0;0.034;0.021
11-17-2024 11:00;1731841203;0.0125;0.0165;0.028;0.045;0.115;0.215;0.73;1.0;1.0;1.0;1.0;1.0;1.0;1.0;1.0;1.0;0.035;0.021
11-17-2024 12:00;1731844803;0.0135;0.0145;0.028;0.045;0.115;0.215;0.705;1.0;1.0;1.0;1.0;1.0;1.0;1.0;1.0;1.0;0.034;0.021
11-17-2024 13:00;1731848403;0.0165;0.0225;0.0355;0.045;0.12;0.215;0.73;1.0;1.0;1.0;1.0;1.0;1.0;1.0;1.0;1.0;0.033;0.021
11-17-2024 14:00;1731852003;0.0175;0.0225;0.0355;0.045;0.12;0.21;0.705;1.0;1.0;1.0;1.0;1.0;1.0;1.0;1.0;1.0;0.0345;0.0215
11-17-2024 15:00;1731855603;0.017;0.026;0.037;0.045;0.12;0.21;0.675;1.0;1.0;1.0;1.0;1.0;1.0;1.0;1.0;1.0;0.033;0.0215
11-17-2024 16:00;1731859203;0.017;0.0275;0.0305;0.045;0.115;0.19;0.675;1.0;1.0;1.0;1.0;1.0;1.0;1.0;1.0;1.0;0.0325;0.0215
11-17-2024 17:00;1731862803;0.0135;0.0265;0.037;0.045;0.115;0.195;0.68;1.0;1.0;1.0;1.0;1.0;1.0;1.0;1.0;1.0;0.0325;0.0215
11-17-2024 18:00;1731866402;0.014;0.026;0.037;0.045;0.1;0.195;0.68;1.0;1.0;1.0;1.0;1.0;1.0;1.0;1.0;1.0;0.0365;0.0215
11-17-2024 19:00;1731870002;0.0135;0.0195;0.0345;0.045;0.105;0.185;0.645;1.0;1.0;1.0;1.0;1.0;1.0;1.0;1.0;1.0;0.038;0.0215
11-17-2024 20:00;1731873603;0.014;0.0185;0.0345;0.045;0.075;0.18;0.64;1.0;1.0;1.0;1.0;1.0;1.0;1.0;1.0;1.0;0.0385;0.0215
11-17-2024 21:00;1731877203;0.0145;0.0185;0.0345;0.045;0.09;0.175;0.64;1.0;1.0;1.0;1.0;1.0;1.0;1.0;1.0;1.0;0.038;0.0215
11-17-2024 22:00;1731880802;0.012;0.0185;0.0345;0.045;0.09;0.155;0.595;1.0;1.0;1.0;1.0;1.0;1.0;1.0;1.0;1.0;0.0415;0.0225
11-17-2024 23:00;1731884403;0.014;0.0185;0.0345;0.045;0.085;0.17;0.61;1.0;1.0;1.0;1.0;1.0;1.0;1.0;1.0;1.0;0.0385;0.0225
11-18-2024 00:00;1731888003;0.013;0.0175;0.0345;0.045;0.085;0.16;0.635;1.0;1.0;1.0;1.0;1.0;1.0;1.0;1.0;1.0;0.0365;0.0225
11-18-2024 01:00;1731891603;0.013;0.018;0.0345;0.045;0.095;0.165;0.645;1.0;1.0;1.0;1.0;1.0;1.0;1.0;1.0;1.0;0.036;0.0225
11-18-2024 02:00;1731895203;0.013;0.018;0.0355;0.045;0.1;0.19;0.675;1.0;1.0;1.0;1.0;1.0;1.0;1.0;1.0;1.0;0.036;0.0225
11-18-2024 03:00;1731898803;0.014;0.018;0.035;0.045;0.095;0.18;0.67;1.0;1.0;1.0;1.0;1.0;1.0;1.0;1.0;1.0;0.034;0.0225
11-18-2024 04:00;1731902403;0.0135;0.0195;0.0305;0.045;0.105;0.19;0.665;1.0;1.0;1.0;1.0;1.0;1.0;1.0;1.0;1.0;0.031;0.0225
11-18-2024 05:00;1731906003;0.0135;0.018;0.031;0.055;0.095;0.185;0.65;1.0;1.0;1.0;1.0;1.0;1.0;1.0;1.0;1.0;0.028;0.0225
11-18-2024 06:00;1731909602;0.0135;0.018;0.031;0.055;0.1;0.185;0.665;1.0;1.0;1.0;1.0;1.0;1.0;1.0;1.0;1.0;0.028;0.022
11-18-2024 07:00;1731913203;0.014;0.018;0.031;0.055;0.135;0.235;0.755;1.0;1.0;1.0;1.0;1.0;1.0;1.0;1.0;1.0;0.033;0.0215
11-18-2024 08:00;1731916803;0.0135;0.018;0.031;0.055;0.135;0.225;0.725;1.0;1.0;1.0;1.0;1.0;1.0;1.0;1.0;1.0;0.024;0.0215
11-18-2024 09:00;1731920403;0.0135;0.018;0.031;0.055;0.13;0.22;0.755;1.0;1.0;1.0;1.0;1.0;1.0;1.0;1.0;1.0;0.025;0.0215
11-18-2024 10:00;1731924003;0.015;0.019;0.032;0.045;0.135;0.21;0.745;1.0;1.0;1.0;1.0;1.0;1.0;1.0;1.0;1.0;0.0245;0.0215
11-18-2024 11:00;1731927603;0.0145;0.021;0.032;0.045;0.12;0.21;0.755;1.0;1.0;1.0;1.0;1.0;1.0;1.0;1.0;1.0;0.025;0.0215
11-18-2024 12:00;1731931203;0.0145;0.021;0.0315;0.045;0.1;0.195;0.66;1.0;1.0;1.0;1.0;1.0;1.0;1.0;1.0;1.0;0.024;0.021
11-18-2024 13:00;1731934803;0.0145;0.022;0.0325;0.045;0.105;0.19;0.67;1.0;1.0;1.0;1.0;1.0;1.0;1.0;1.0;1.0;0.029;0.021
11-18-2024 14:00;1731938403;0.0155;0.0205;0.027;0.045;0.095;0.185;0.615;1.0;1.0;1.0;1.0;1.0;1.0;1.0;1.0;1.0;0.0315;0.0225
11-18-2024 15:00;1731942003;0.0155;0.0215;0.027;0.045;0.105;0.18;0.665;1.0;1.0;1.0;1.0;1.0;1.0;1.0;1.0;1.0;0.0315;0.022
11-18-2024 16:00;1731945603;0.015;0.0215;0.027;0.045;0.11;0.195;0.765;1.0;1.0;1.0;1.0;1.0;1.0;1.0;1.0;1.0;0.031;0.021
11-18-2024 17:00;1731949203;0.016;0.023;0.027;0.05;0.11;0.185;0.725;1.0;1.0;1.0;1.0;1.0;1.0;1.0;1.0;1.0;0.031;0.0215
11-18-2024 18:00;1731952803;0.015;0.0225;0.0275;0.055;0.11;0.18;0.72;1.0;1.0;1.0;1.0;1.0;1.0;1.0;1.0;1.0;0.0315;0.021
11-18-2024 19:00;1731956403;0.0145;0.0225;0.0275;0.055;0.105;0.165;0.65;1.0;1.0;1.0;1.0;1.0;1.0;1.0;1.0;1.0;0.033;0.021
11-18-2024 20:00;1731960003;0.0145;0.0225;0.028;0.06;0.11;0.155;0.665;1.0;1.0;1.0;1.0;1.0;1.0;1.0;1.0;1.0;0.033;0.021
11-18-2024 21:00;1731963603;0.0135;0.0195;0.0285;0.055;0.11;0.175;0.72;1.0;1.0;1.0;1.0;1.0;1.0;1.0;1.0;1.0;0.033;0.0215
11-18-2024 22:00;1731967203;0.0135;0.0195;0.0285;0.06;0.105;0.185;0.71;1.0;1.0;1.0;1.0;1.0;1.0;1.0;1.0;1.0;0.0315;0.0215
11-18-2024 23:00;1731970803;0.0135;0.0195;0.0285;0.06;0.1;0.175;0.7;1.0;1.0;1.0;1.0;1.0;1.0;1.0;1.0;1.0;0.0305;0.0215
11-19-2024 00:00;1731974403;0.0135;0.0195;0.0285;0.07;0.1;0.17;0.665;1.0;1.0;1.0;1.0;1.0;1.0;1.0;1.0;1.0;0.03;0.0215
11-19-2024 01:00;1731978003;0.0135;0.0195;0.0335;0.065;0.1;0.185;0.7;1.0;1.0;1.0;1.0;1.0;1.0;1.0;1.0;1.0;0.031;0.0215
11-19-2024 02:00;1731981603;0.009;0.0195;0.032;0.065;0.105;0.185;0.68;1.0;1.0;1.0;1.0;1.0;1.0;1.0;1.0;1.0;0.025;0.013
11-19-2024 03:00;1731985203;0.009;0.019;0.033;0.065;0.105;0.19;0.705;1.0;1.0;1.0;1.0;1.0;1.0;1.0;1.0;1.0;0.0245;0.013
11-19-2024 04:00;1731988803;0.009;0.019;0.033;0.07;0.1;0.19;0.715;1.0;1.0;1.0;1.0;1.0;1.0;1.0;1.0;1.0;0.0315;0.013
11-19-2024 05:00;1731992403;0.009;0.019;0.0355;0.07;0.115;0.205;0.725;1.0;1.0;1.0;1.0;1.0;1.0;1.0;1.0;1.0;0.028;0.013
11-19-2024 06:00;1731996003;0.0075;0.019;0.035;0.055;0.115;0.205;0.745;1.0;1.0;1.0;1.0;1.0;1.0;1.0;1.0;1.0;0.029;0.013
11-19-2024 07:00;1731999603;0.009;0.019;0.029;0.06;0.115;0.205;0.745;1.0;1.0;1.0;1.0;1.0;1.0;1.0;1.0;1.0;0.0285;0.014
11-19-2024 08:00;1732003203;0.009;0.017;0.0285;0.055;0.115;0.205;0.73;1.0;1.0;1.0;1.0;1.0;1.0;1.0;1.0;1.0;0.0295;0.013
11-19-2024 09:00;1732006803;0.009;0.017;0.0285;0.055;0.115;0.195;0.72;1.0;1.0;1.0;1.0;1.0;1.0;1.0;1.0;1.0;0.0305;0.013
11-19-2024 10:00;1732010403;0.008;0.0175;0.028;0.055;0.11;0.195;0.72;1.0;1.0;1.0;1.0;1.0;1.0;1.0;1.0;1.0;0.0305;0.013
11-19-2024 11:00;1732014003;0.008;0.0155;0.028;0.055;0.11;0.195;0.725;1.0;1.0;1.0;1.0;1.0;1.0;1.0;1.0;1.0;0.0275;0.013
11-19-2024 12:00;1732017603;0.008;0.0155;0.026;0.055;0.11;0.195;0.725;1.0;1.0;1.0;1.0;1.0;1.0;1.0;1.0;1.0;0.0305;0.0135
11-19-2024 13:00;1732021203;0.0085;0.0155;0.027;0.055;0.11;0.195;0.755;1.0;1.0;1.0;1.0;1.0;1.0;1.0;1.0;1.0;0.03;0.014
11-19-2024 14:00;1732024803;0.0085;0.0155;0.0215;0.055;0.115;0.17;0.68;1.0;1.0;1.0;1.0;1.0;1.0;1.0;1.0;1.0;0.03;0.014
11-19-2024 15:00;1732028403;0.0085;0.0155;0.0215;0.055;0.105;0.165;0.74;1.0;1.0;1.0;1.0;1.0;1.0;1.0;1.0;1.0;0.031;0.0185
11-19-2024 16:00;1732032003;0.0085;0.0155;0.0215;0.04;0.105;0.19;0.76;1.0;1.0;1.0;1.0;1.0;1.0;1.0;1.0;1.0;0.03;0.0185
11-19-2024 17:00;1732035603;0.0105;0.0165;0.0215;0.065;0.1;0.195;0.745;1.0;1.0;1.0;1.0;1.0;1.0;1.0;1.0;1.0;0.029;0.013
11-19-2024 18:00;1732039203;0.01;0.0165;0.0215;0.055;0.1;0.19;0.775;1.0;1.0;1.0;1.0;1.0;1.0;1.0;1.0;1.0;0.03;0.0195
11-19-2024 19:00;1732042803;0.0105;0.0175;0.0215;0.07;0.115;0.215;0.845;1.0;1.0;1.0;1.0;1.0;1.0;1.0;1.0;1.0;0.018;0.013
11-19-2024 20:00;1732046403;0.011;0.017;0.0215;0.055;0.115;0.21;0.835;1.0;1.0;1.0;1.0;1.0;1.0;1.0;1.0;1.0;0.0205;0.017
11-19-2024 21:00;1732050003;0.01;0.016;0.021;0.06;0.1;0.195;0.795;1.0;1.0;1.0;1.0;1.0;1.0;1.0;1.0;1.0;0.0215;0.016
11-19-2024 22:00;1732053603;0.0095;0.016;0.025;0.055;0.095;0.19;0.8;1.0;1.0;1.0;1.0;1.0;1.0;1.0;1.0;1.0;0.0215;0.0195
11-19-2024 23:00;1732057203;0.0105;0.016;0.025;0.055;0.09;0.175;0.76;1.0;1.0;1.0;1.0;1.0;1.0;1.0;1.0;1.0;0.023;0.0195
11-20-2024 00:00;1732060803;0.0105;0.016;0.026;0.06;0.1;0.185;0.785;1.0;1.0;1.0;1.0;1.0;1.0;1.0;1.0;1.0;0.0215;0.0165
11-20-2024 01:00;1732064403;0.01;0.016;0.026;0.06;0.1;0.19;0.78;1.0;1.0;1.0;1.0;1.0;1.0;1.0;1.0;1.0;0.0215;0.0145
11-20-2024 02:00;1732068003;0.01;0.016;0.03;0.07;0.1;0.185;0.76;1.0;1.0;1.0;1.0;1.0;1.0;1.0;1.0;1.0;0.0195;0.0135
11-20-2024 03:00;1732071603;0.01;0.016;0.0295;0.06;0.1;0.175;0.755;1.0;1.0;1.0;1.0;1.0;1.0;1.0;1.0;1.0;0.0215;0.0135
11-20-2024 04:00;1732075203;0.01;0.016;0.0295;0.06;0.09;0.175;0.755;1.0;1.0;1.0;1.0;1.0;1.0;1.0;1.0;1.0;0.021;0.0125
11-20-2024 05:00;1732078803;0.01;0.016;0.03;0.06;0.095;0.175;0.755;1.0;1.0;1.0;1.0;1.0;1.0;1.0;1.0;1.0;0.021;0.0135
11-20-2024 06:00;1732082403;0.0095;0.016;0.03;0.06;0.095;0.175;0.79;1.0;1.0;1.0;1.0;1.0;1.0;1.0;1.0;1.0;0.021;0.0135
11-20-2024 07:00;1732086003;0.0095;0.0145;0.0335;0.055;0.095;0.185;0.775;1.0;1.0;1.0;1.0;1.0;1.0;1.0;1.0;1.0;0.021;0.0135
11-20-2024 08:00;1732089603;0.011;0.015;0.0335;0.055;0.095;0.19;0.81;1.0;1.0;1.0;1.0;1.0;1.0;1.0;1.0;1.0;0.021;0.014
11-20-2024 09:00;1732093203;0.0135;0.0165;0.0335;0.06;0.095;0.195;0.835;1.0;1.0;1.0;1.0;1.0;1.0;1.0;1.0;1.0;0.021;0.0145
11-20-2024 10:00;1732096803;0.014;0.017;0.0335;0.055;0.1;0.205;0.82;1.0;1.0;1.0;1.0;1.0;1.0;1.0;1.0;1.0;0.021;0.0145
11-20-2024 11:00;1732100403;0.0115;0.0165;0.026;0.04;0.07;0.205;0.835;1.0;1.0;1.0;1.0;1.0;1.0;1.0;1.0;1.0;0.021;0.014
11-20-2024 12:00;1732104003;0.009;0.016;0.022;0.03;0.075;0.205;0.845;1.0;1.0;1.0;1.0;1.0;1.0;1.0;1.0;1.0;0.021;0.014
11-20-2024 13:00;1732107603;0.009;0.016;0.021;0.055;0.105;0.205;0.855;1.0;1.0;1.0;1.0;1.0;1.0;1.0;1.0;1.0;0.026;0.014
11-20-2024 14:00;1732111202;0.013;0.02;0.025;0.0595;0.105;0.26;0.935;1.0;1.0;1.0;1.0;1.0;1.0;1.0;1.0;1.0;0.0215;0.01
11-20-2024 15:00;1732114803;0.01;0.0155;0.0245;0.058;0.135;0.25;0.95;1.0;1.0;1.0;1.0;1.0;1.0;1.0;1.0;1.0;0.0215;0.01
11-20-2024 16:00;1732118403;0.0105;0.015;0.0245;0.0625;0.135;0.255;0.951;1.0;1.0;1.0;1.0;1.0;1.0;1.0;1.0;1.0;0.022;0.01
11-20-2024 17:00;1732122003;0.0125;0.015;0.0245;0.067;0.115;0.21;0.9195;1.0;1.0;1.0;1.0;1.0;1.0;1.0;1.0;1.0;0.021;0.01
11-20-2024 18:00;1732125603;0.0125;0.015;0.0235;0.0615;0.11;0.205;0.925;1.0;1.0;1.0;1.0;1.0;1.0;1.0;1.0;1.0;0.019;0.01
11-20-2024 19:00;1732129203;0.0105;0.015;0.022;0.0485;0.115;0.205;0.8885;1.0;1.0;1.0;1.0;1.0;1.0;1.0;1.0;1.0;0.021;0.01
11-20-2024 20:00;1732132803;0.011;0.015;0.0215;0.044;0.095;0.195;0.8985;1.0;1.0;1.0;1.0;1.0;1.0;1.0;1.0;1.0;0.021;0.01
11-20-2024 21:00;1732136403;0.0105;0.015;0.0215;0.0495;0.1;0.21;0.917;1.0;1.0;1.0;1.0;1.0;1.0;1.0;1.0;1.0;0.021;0.01
11-20-2024 22:00;1732140003;0.01;0.015;0.0215;0.0485;0.11;0.225;0.9155;1.0;1.0;1.0;1.0;1.0;1.0;1.0;1.0;1.0;0.0215;0.0095
11-20-2024 23:00;1732143603;0.01;0.015;0.0215;0.036;0.1;0.215;0.901;1.0;1.0;1.0;1.0;1.0;1.0;1.0;1.0;1.0;0.0205;0.0095
11-21-2024 00:00;1732147203;0.0105;0.015;0.0215;0.043;0.1;0.19;0.913;1.0;1.0;1.0;1.0;1.0;1.0;1.0;1.0;1.0;0.021;0.0095
11-21-2024 01:00;1732150803;0.01;0.015;0.0215;0.043;0.11;0.22;0.9475;1.0;1.0;1.0;1.0;1.0;1.0;1.0;1.0;1.0;0.021;0.0095
11-21-2024 02:00;1732154403;0.0105;0.0155;0.0215;0.049;0.115;0.23;0.944;1.0;1.0;1.0;1.0;1.0;1.0;1.0;1.0;1.0;0.023;0.01
11-21-2024 03:00;1732158004;0.01;0.0155;0.0205;0.049;0.12;0.205;0.914;1.0;1.0;1.0;1.0;1.0;1.0;1.0;1.0;1.0;0.0245;0.01
11-21-2024 04:00;1732161603;0.0095;0.0155;0.021;0.099;0.15;0.305;0.51;1.0;1.0;1.0;1.0;1.0;1.0;1.0;1.0;1.0;0.0215;0.01
11-21-2024 05:00;1732165203;0.012;0.018;0.028;0.1075;0.215;0.405;0.9995;1.0;1.0;1.0;1.0;1.0;1.0;1.0;1.0;1.0;0.0185;0.0095
11-21-2024 06:00;1732168803;0.0135;0.019;0.029;0.09;0.215;0.375;1.0;1.0;1.0;1.0;1.0;1.0;1.0;1.0;1.0;1.0;0.0175;0.0095
11-21-2024 07:00;1732172403;0.0165;0.0185;0.029;0.088;0.185;0.365;1.0;1.0;1.0;1.0;1.0;1.0;1.0;1.0;1.0;1.0;0.016;0.008
11-21-2024 08:00;1732176003;0.014;0.02;0.04;0.089;0.175;0.345;1.0;1.0;1.0;1.0;1.0;1.0;1.0;1.0;1.0;1.0;0.016;0.008
11-21-2024 09:00;1732179603;0.013;0.02;0.0395;0.0855;0.205;0.355;1.0;1.0;1.0;1.0;1.0;1.0;1.0;1.0;1.0;1.0;0.0145;0.008
11-21-2024 10:00;1732183203;0.014;0.0205;0.0365;0.099;0.24;0.39;1.0;1.0;1.0;1.0;1.0;1.0;1.0;1.0;1.0;1.0;0.0125;0.008
11-21-2024 11:00;1732186803;0.014;0.021;0.0355;0.0875;0.24;0.42;1.0;1.0;1.0;1.0;1.0;1.0;1.0;1.0;1.0;1.0;0.0125;0.008
11-21-2024 12:00;1732190403;0.013;0.0215;0.051;0.11;0.305;0.485;1.0;1.0;1.0;1.0;1.0;1.0;1.0;1.0;1.0;1.0;0.0115;0.008
11-21-2024 13:00;1732194003;0.0115;0.0245;0.0445;0.1005;0.25;0.475;1.0;1.0;1.0;1.0;1.0;1.0;1.0;1.0;1.0;1.0;0.014;0.008
11-21-2024 14:00;1732197603;0.0125;0.0245;0.0475;0.0995;0.255;0.455;1.0;1.0;1.0;1.0;1.0;1.0;1.0;1.0;1.0;1.0;0.0155;0.0095
11-21-2024 15:00;1732201203;0.0125;0.022;0.0435;0.0855;0.2;0.375;1.0;1.0;1.0;1.0;1.0;1.0;1.0;1.0;1.0;1.0;0.015;0.009
11-21-2024 16:00;1732204803;0.0135;0.025;0.0425;0.09;0.18;0.37;1.0;1.0;1.0;1.0;1.0;1.0;1.0;1.0;1.0;1.0;0.017;0.009
11-21-2024 17:00;1732208403;0.0145;0.023;0.043;0.0825;0.2;0.385;1.0;1.0;1.0;1.0;1.0;1.0;1.0;1.0;1.0;1.0;0.0135;0.009
11-21-2024 18:00;1732212003;0.014;0.0215;0.044;0.085;0.235;0.415;1.0;1.0;1.0;1.0;1.0;1.0;1.0;1.0;1.0;1.0;0.0165;0.0095
11-21-2024 19:00;1732215603;0.0135;0.0235;0.0485;0.0845;0.255;0.435;1.0;1.0;1.0;1.0;1.0;1.0;1.0;1.0;1.0;1.0;0.017;0.0095
11-21-2024 20:00;1732219204;0.014;0.025;0.047;0.084;0.24;0.44;1.0;1.0;1.0;1.0;1.0;1.0;1.0;1.0;1.0;1.0;0.0115;0.0095
11-21-2024 21:00;1732222803;0.014;0.025;0.0455;0.084;0.24;0.445;1.0;1.0;1.0;1.0;1.0;1.0;1.0;1.0;1.0;1.0;0.0115;0.0095
11-21-2024 22:00;1732226403;0.0135;0.0245;0.0435;0.0855;0.23;0.435;1.0;1.0;1.0;1.0;1.0;1.0;1.0;1.0;1.0;1.0;0.017;0.0095
11-21-2024 23:00;1732230002;0.013;0.024;0.0435;0.085;0.24;0.44;1.0;1.0;1.0;1.0;1.0;1.0;1.0;1.0;1.0;1.0;0.017;0.0095
11-22-2024 00:00;1732233603;0.013;0.0255;0.043;0.088;0.255;0.475;1.0;1.0;1.0;1.0;1.0;1.0;1.0;1.0;1.0;1.0;0.0195;0.0095
11-22-2024 01:00;1732237203;0.0125;0.0255;0.043;0.0835;0.245;0.44;1.0;1.0;1.0;1.0;1.0;1.0;1.0;1.0;1.0;1.0;0.0115;0.0095
11-22-2024 02:00;1732240803;0.0135;0.0255;0.0435;0.0865;0.205;0.47;1.0;1.0;1.0;1.0;1.0;1.0;1.0;1.0;1.0;1.0;0.012;0.0095
11-22-2024 03:00;1732244403;0.0145;0.024;0.0435;0.0735;0.235;0.495;1.0;1.0;1.0;1.0;1.0;1.0;1.0;1.0;1.0;1.0;0.0145;0.0095
11-22-2024 04:00;1732248003;0.0225;0.035;0.047;0.0785;0.265;0.525;1.0;1.0;1.0;1.0;1.0;1.0;1.0;1.0;1.0;1.0;0.012;0.0095
11-22-2024 05:00;1732251603;0.0205;0.034;0.047;0.08;0.265;0.54;1.0;1.0;1.0;1.0;1.0;1.0;1.0;1.0;1.0;1.0;0.0125;0.0095
11-22-2024 06:00;1732255203;0.023;0.0345;0.0455;0.0785;0.265;0.545;1.0;1.0;1.0;1.0;1.0;1.0;1.0;1.0;1.0;1.0;0.018;0.0095
11-22-2024 07:00;1732258803;0.0185;0.03;0.046;0.0935;0.275;0.575;1.0;1.0;1.0;1.0;1.0;1.0;1.0;1.0;1.0;1.0;0.017;0.0095
11-22-2024 08:00;1732262403;0.0185;0.0315;0.049;0.1075;0.285;0.605;1.0;1.0;1.0;1.0;1.0;1.0;1.0;1.0;1.0;1.0;0.0165;0.0095
11-22-2024 09:00;1732266003;0.019;0.033;0.046;0.106;0.29;0.59;1.0;1.0;1.0;1.0;1.0;1.0;1.0;1.0;1.0;1.0;0.0135;0.0095
11-22-2024 10:00;1732269603;0.0185;0.03;0.026;0.1045;0.265;0.535;1.0;1.0;1.0;1.0;1.0;1.0;1.0;1.0;1.0;1.0;0.0135;0.0095
11-22-2024 11:00;1732273203;0.015;0.0245;0.032;0.097;0.245;0.495;1.0;1.0;1.0;1.0;1.0;1.0;1.0;1.0;1.0;1.0;0.0135;0.0095
11-22-2024 12:00;1732276803;0.0135;0.0215;0.0295;0.106;0.275;0.505;1.0;1.0;1.0;1.0;1.0;1.0;1.0;1.0;1.0;1.0;0.0155;0.0095
11-22-2024 13:00;1732280403;0.011;0.018;0.0285;0.106;0.265;0.505;1.0;1.0;1.0;1.0;1.0;1.0;1.0;1.0;1.0;1.0;0.016;0.01
11-22-2024 14:00;1732284003;0.011;0.0155;0.0255;0.1;0.235;0.44;1.0;1.0;1.0;1.0;1.0;1.0;1.0;1.0;1.0;1.0;0.0155;0.01
11-22-2024 15:00;1732287603;0.0105;0.015;0.0255;0.093;0.185;0.395;1.0;1.0;1.0;1.0;1.0;1.0;1.0;1.0;1.0;1.0;0.0155;0.0095
11-22-2024 16:00;1732291203;0.013;0.015;0.0245;0.0955;0.245;0.465;1.0;1.0;1.0;1.0;1.0;1.0;1.0;1.0;1.0;1.0;0.017;0.013
11-22-2024 17:00;1732294803;0.0145;0.0155;0.0255;0.0925;0.235;0.475;1.0;1.0;1.0;1.0;1.0;1.0;1.0;1.0;1.0;1.0;0.017;0.013
11-22-2024 18:00;1732298403;0.0125;0.0145;0.0255;0.081;0.235;0.47;1.0;1.0;1.0;1.0;1.0;1.0;1.0;1.0;1.0;1.0;0.0175;0.013
11-22-2024 19:00;1732302003;0.0115;0.015;0.033;0.076;0.235;0.475;1.0;1.0;1.0;1.0;1.0;1.0;1.0;1.0;1.0;1.0;0.017;0.013
11-22-2024 20:00;1732305603;0.0125;0.0255;0.036;0.0915;0.235;0.48;1.0;1.0;1.0;1.0;1.0;1.0;1.0;1.0;1.0;1.0;0.0165;0.013
11-22-2024 21:00;1732309203;0.0155;0.029;0.038;0.093;0.245;0.47;1.0;1.0;1.0;1.0;1.0;1.0;1.0;1.0;1.0;1.0;0.016;0.013
11-22-2024 22:00;1732312803;0.015;0.029;0.041;0.092;0.23;0.465;1.0;1.0;1.0;1.0;1.0;1.0;1.0;1.0;1.0;1.0;0.017;0.012
11-22-2024 23:00;1732316403;0.015;0.0285;0.0465;0.0985;0.205;0.425;1.0;1.0;1.0;1.0;1.0;1.0;1.0;1.0;1.0;1.0;0.016;0.012
11-23-2024 00:00;1732320004;0.016;0.0295;0.0385;0.088;0.21;0.445;1.0;1.0;1.0;1.0;1.0;1.0;1.0;1.0;1.0;1.0;0.015;0.012
11-23-2024 01:00;1732323603;0.0155;0.029;0.038;0.074;0.22;0.43;1.0;1.0;1.0;1.0;1.0;1.0;1.0;1.0;1.0;1.0;0.015;0.0105
11-23-2024 02:00;1732327203;0.0175;0.029;0.0375;0.0775;0.205;0.415;1.0;1.0;1.0;1.0;1.0;1.0;1.0;1.0;1.0;1.0;0.015;0.0095
11-23-2024 03:00;1732330804;0.017;0.03;0.0375;0.084;0.205;0.39;1.0;1.0;1.0;1.0;1.0;1.0;1.0;1.0;1.0;1.0;0.016;0.0095
11-23-2024 04:00;1732334403;0.017;0.03;0.0375;0.082;0.205;0.38;1.0;1.0;1.0;1.0;1.0;1.0;1.0;1.0;1.0;1.0;0.014;0.008
11-23-2024 05:00;1732338003;0.0155;0.0255;0.0375;0.069;0.2;0.395;1.0;1.0;1.0;1.0;1.0;1.0;1.0;1.0;1.0;1.0;0.0145;0.0095
11-23-2024 06:00;1732341603;0.015;0.022;0.0315;0.052;0.2;0.39;1.0;1.0;1.0;1.0;1.0;1.0;1.0;1.0;1.0;1.0;0.0135;0.0095
11-23-2024 07:00;1732345203;0.0145;0.0215;0.0325;0.0555;0.205;0.38;1.0;1.0;1.0;1.0;1.0;1.0;1.0;1.0;1.0;1.0;0.0145;0.0095
11-23-2024 08:00;1732348803;0.0155;0.0225;0.0315;0.0765;0.205;0.385;1.0;1.0;1.0;1.0;1.0;1.0;1.0;1.0;1.0;1.0;0.0145;0.0085
11-23-2024 09:00;1732352403;0.0145;0.0225;0.0325;0.0775;0.205;0.385;1.0;1.0;1.0;1.0;1.0;1.0;1.0;1.0;1.0;1.0;0.015;0.008
11-23-2024 10:00;1732356004;0.0155;0.0215;0.0345;0.076;0.22;0.385;1.0;1.0;1.0;1.0;1.0;1.0;1.0;1.0;1.0;1.0;0.015;0.0085
11-23-2024 11:00;1732359603;0.0155;0.021;0.034;0.075;0.2;0.385;1.0;1.0;1.0;1.0;1.0;1.0;1.0;1.0;1.0;1.0;0.0145;0.0085
11-23-2024 12:00;1732363203;0.0145;0.0225;0.032;0.075;0.195;0.375;1.0;1.0;1.0;1.0;1.0;1.0;1.0;1.0;1.0;1.0;0.0145;0.0085
11-23-2024 13:00;1732366803;0.0125;0.0225;0.032;0.071;0.195;0.375;1.0;1.0;1.0;1.0;1.0;1.0;1.0;1.0;1.0;1.0;0.0135;0.0085
11-23-2024 14:00;1732370404;0.013;0.0215;0.0315;0.067;0.185;0.385;1.0;1.0;1.0;1.0;1.0;1.0;1.0;1.0;1.0;1.0;0.0135;0.007
11-23-2024 15:00;1732374003;0.0125;0.0215;0.0315;0.0685;0.19;0.365;1.0;1.0;1.0;1.0;1.0;1.0;1.0;1.0;1.0;1.0;0.0135;0.0075
11-23-2024 16:00;1732377602;0.0145;0.021;0.033;0.0705;0.18;0.365;1.0;1.0;1.0;1.0;1.0;1.0;1.0;1.0;1.0;1.0;0.014;0.0065
11-23-2024 17:00;1732381203;0.014;0.021;0.028;0.0605;0.185;0.315;1.0;1.0;1.0;1.0;1.0;1.0;1.0;1.0;1.0;1.0;0.014;0.0065
11-23-2024 18:00;1732384803;0.0155;0.021;0.0275;0.061;0.19;0.32;1.0;1.0;1.0;1.0;1.0;1.0;1.0;1.0;1.0;1.0;0.0165;0.0065
11-23-2024 19:00;1732388403;0.02;0.02;0.0275;0.0655;0.19;0.305;1.0;1.0;1.0;1.0;1.0;1.0;1.0;1.0;1.0;1.0;0.0165;0.0065
11-23-2024 20:00;1732392003;0.018;0.02;0.0285;0.0655;0.185;0.295;1.0;1.0;1.0;1.0;1.0;1.0;1.0;1.0;1.0;1.0;0.015;0.0065
11-23-2024 21:00;1732395603;0.0185;0.0205;0.0285;0.06;0.18;0.305;1.0;1.0;1.0;1.0;1.0;1.0;1.0;1.0;1.0;1.0;0.0155;0.0075
11-23-2024 22:00;1732399203;0.014;0.0205;0.029;0.06;0.175;0.315;1.0;1.0;1.0;1.0;1.0;1.0;1.0;1.0;1.0;1.0;0.0155;0.0075
11-23-2024 23:00;1732402803;0.017;0.0205;0.029;0.06;0.185;0.3;1.0;1.0;1.0;1.0;1.0;1.0;1.0;1.0;1.0;1.0;0.015;0.0085
11-24-2024 00:00;1732406403;0.017;0.0205;0.029;0.06;0.195;0.315;1.0;1.0;1.0;1.0;1.0;1.0;1.0;1.0;1.0;1.0;0.015;0.0085
11-24-2024 01:00;1732410003;0.018;0.02;0.028;0.0595;0.19;0.325;1.0;1.0;1.0;1.0;1.0;1.0;1.0;1.0;1.0;1.0;0.0145;0.0085
11-24-2024 02:00;1732413604;0.016;0.02;0.028;0.061;0.19;0.315;1.0;1.0;1.0;1.0;1.0;1.0;1.0;1.0;1.0;1.0;0.0145;0.0085
11-24-2024 03:00;1732417203;0.018;0.02;0.028;0.0625;0.19;0.335;1.0;1.0;1.0;1.0;1.0;1.0;1.0;1.0;1.0;1.0;0.014;0.0085
11-24-2024 04:00;1732420804;0.018;0.0205;0.028;0.0615;0.19;0.325;1.0;1.0;1.0;1.0;1.0;1.0;1.0;1.0;1.0;1.0;0.014;0.0085
11-24-2024 05:00;1732424403;0.0165;0.0205;0.029;0.0615;0.185;0.32;1.0;1.0;1.0;1.0;1.0;1.0;1.0;1.0;1.0;1.0;0.014;0.0085
11-24-2024 06:00;1732428003;0.018;0.0205;0.029;0.0615;0.185;0.3;1.0;1.0;1.0;1.0;1.0;1.0;1.0;1.0;1.0;1.0;0.0145;0.0085
11-24-2024 07:00;1732431603;0.0175;0.0205;0.029;0.0615;0.175;0.315;1.0;1.0;1.0;1.0;1.0;1.0;1.0;1.0;1.0;1.0;0.0145;0.0085
11-24-2024 08:00;1732435203;0.0175;0.021;0.0295;0.0615;0.18;0.325;1.0;1.0;1.0;1.0;1.0;1.0;1.0;1.0;1.0;1.0;0.0145;0.0085
11-24-2024 09:00;1732438803;0.0175;0.021;0.0295;0.0615;0.175;0.3;1.0;1.0;1.0;1.0;1.0;1.0;1.0;1.0;1.0;1.0;0.0145;0.0085
11-24-2024 10:00;1732442404;0.017;0.0215;0.0295;0.052;0.18;0.26;1.0;1.0;1.0;1.0;1.0;1.0;1.0;1.0;1.0;1.0;0.0145;0.0085
11-24-2024 11:00;1732446003;0.0155;0.0195;0.029;0.053;0.15;0.265;1.0;1.0;1.0;1.0;1.0;1.0;1.0;1.0;1.0;1.0;0.0145;0.0085
11-24-2024 12:00;1732449603;0.0155;0.0195;0.0355;0.0515;0.15;0.27;1.0;1.0;1.0;1.0;1.0;1.0;1.0;1.0;1.0;1.0;0.0145;0.0085
11-24-2024 13:00;1732453203;0.015;0.019;0.0335;0.041;0.14;0.255;1.0;1.0;1.0;1.0;1.0;1.0;1.0;1.0;1.0;1.0;0.015;0.0075
11-24-2024 14:00;1732456804;0.014;0.0195;0.032;0.0405;0.155;0.305;1.0;1.0;1.0;1.0;1.0;1.0;1.0;1.0;1.0;1.0;0.0135;0.0075
11-24-2024 15:00;1732460403;0.014;0.0205;0.0245;0.0395;0.125;0.31;1.0;1.0;1.0;1.0;1.0;1.0;1.0;1.0;1.0;1.0;0.016;0.0075
11-24-2024 16:00;1732464003;0.014;0.019;0.0285;0.039;0.115;0.265;1.0;1.0;1.0;1.0;1.0;1.0;1.0;1.0;1.0;1.0;0.0155;0.0075
11-24-2024 17:00;1732467603;0.0115;0.0135;0.018;0.0385;0.085;0.25;1.0;1.0;1.0;1.0;1.0;1.0;1.0;1.0;1.0;1.0;0.0145;0.0075
11-24-2024 18:00;1732471204;0.01;0.0135;0.017;0.036;0.085;0.24;1.0;1.0;1.0;1.0;1.0;1.0;1.0;1.0;1.0;1.0;0.015;0.007
11-24-2024 19:00;1732474802;0.0105;0.0135;0.026;0.0455;0.075;0.27;1.0;1.0;1.0;1.0;1.0;1.0;1.0;1.0;1.0;1.0;0.0155;0.0075
11-24-2024 20:00;1732478403;0.0115;0.015;0.0285;0.0455;0.085;0.275;1.0;1.0;1.0;1.0;1.0;1.0;1.0;1.0;1.0;1.0;0.0155;0.0075
11-24-2024 21:00;1732482003;0.0105;0.0155;0.0215;0.0395;0.085;0.3;1.0;1.0;1.0;1.0;1.0;1.0;1.0;1.0;1.0;1.0;0.016;0.007
11-24-2024 22:00;1732485603;0.01;0.0165;0.0185;0.034;0.085;0.31;1.0;1.0;1.0;1.0;1.0;1.0;1.0;1.0;1.0;1.0;0.014;0.0065
11-24-2024 23:00;1732489203;0.009;0.0165;0.0215;0.0415;0.115;0.355;1.0;1.0;1.0;1.0;1.0;1.0;1.0;1.0;1.0;1.0;0.0145;0.0105
11-25-2024 00:00;1732492803;0.0115;0.021;0.018;0.0675;0.14;0.33;1.0;1.0;1.0;1.0;1.0;1.0;1.0;1.0;1.0;1.0;0.0145;0.0105
11-25-2024 01:00;1732496403;0.011;0.018;0.0195;0.054;0.105;0.335;1.0;1.0;1.0;1.0;1.0;1.0;1.0;1.0;1.0;1.0;0.0135;0.009
11-25-2024 02:00;1732500003;0.0105;0.018;0.0195;0.048;0.105;0.3;1.0;1.0;1.0;1.0;1.0;1.0;1.0;1.0;1.0;1.0;0.0135;0.009
11-25-2024 03:00;1732503603;0.0115;0.018;0.019;0.0495;0.105;0.295;1.0;1.0;1.0;1.0;1.0;1.0;1.0;1.0;1.0;1.0;0.013;0.011
11-25-2024 04:00;1732507203;0.0095;0.016;0.0195;0.0375;0.105;0.305;1.0;1.0;1.0;1.0;1.0;1.0;1.0;1.0;1.0;1.0;0.0125;0.008
11-25-2024 05:00;1732510804;0.01;0.0145;0.017;0.044;0.105;0.305;1.0;1.0;1.0;1.0;1.0;1.0;1.0;1.0;1.0;1.0;0.013;0.0095
11-25-2024 06:00;1732514403;0.0095;0.013;0.0195;0.0425;0.115;0.315;1.0;1.0;1.0;1.0;1.0;1.0;1.0;1.0;1.0;1.0;0.008;0.0105
11-25-2024 07:00;1732518003;0.0105;0.0125;0.02;0.0405;0.11;0.315;1.0;1.0;1.0;1.0;1.0;1.0;1.0;1.0;1.0;1.0;0.0065;0.01
11-25-2024 08:00;1732521603;0.0105;0.0105;0.02;0.0405;0.105;0.325;1.0;1.0;1.0;1.0;1.0;1.0;1.0;1.0;1.0;1.0;0.0065;0.009
11-25-2024 09:00;1732525203;0.0095;0.0095;0.0195;0.0325;0.11;0.33;1.0;1.0;1.0;1.0;1.0;1.0;1.0;1.0;1.0;1.0;0.0085;0.0065
11-25-2024 10:00;1732528803;0.012;0.0135;0.021;0.0445;0.135;0.345;1.0;1.0;1.0;1.0;1.0;1.0;1.0;1.0;1.0;1.0;0.0065;0.0045
11-25-2024 11:00;1732532403;0.0105;0.0175;0.02;0.0335;0.145;0.345;1.0;1.0;1.0;1.0;1.0;1.0;1.0;1.0;1.0;1.0;0.008;0.0045
11-25-2024 12:00;1732536003;0.009;0.015;0.02;0.0345;0.125;0.355;1.0;1.0;1.0;1.0;1.0;1.0;1.0;1.0;1.0;1.0;0.0065;0.0045
11-25-2024 13:00;1732539603;0.011;0.013;0.017;0.0355;0.125;0.335;1.0;1.0;1.0;1.0;1.0;1.0;1.0;1.0;1.0;1.0;0.0055;0.0045
11-25-2024 14:00;1732543203;0.0095;0.0135;0.018;0.0335;0.115;0.31;1.0;1.0;1.0;1.0;1.0;1.0;1.0;1.0;1.0;1.0;0.01;0.0045
11-25-2024 15:00;1732546804;0.0085;0.014;0.019;0.0265;0.075;0.21;1.0;1.0;1.0;1.0;1.0;1.0;1.0;1.0;1.0;1.0;0.012;0.007
11-25-2024 16:00;1732550403;0.008;0.0145;0.018;0.028;0.1;0.255;1.0;1.0;1.0;1.0;1.0;1.0;1.0;1.0;1.0;1.0;0.0105;0.006
11-25-2024 17:00;1732554003;0.0085;0.012;0.017;0.022;0.075;0.205;1.0;1.0;1.0;1.0;1.0;1.0;1.0;1.0;1.0;1.0;0.0125;0.0065
11-25-2024 18:00;1732557603;0.008;0.009;0.0135;0.022;0.07;0.205;1.0;1.0;1.0;1.0;1.0;1.0;1.0;1.0;1.0;1.0;0.01;0.0065
11-25-2024 19:00;1732561203;0.007;0.008;0.013;0.0235;0.085;0.19;1.0;1.0;1.0;1.0;1.0;1.0;1.0;1.0;1.0;1.0;0.009;0.006
11-25-2024 20:00;1732564803;0.0065;0.008;0.014;0.0245;0.07;0.165;1.0;1.0;1.0;1.0;1.0;1.0;1.0;1.0;1.0;1.0;0.009;0.0065
11-25-2024 21:00;1732568403;0.0065;0.008;0.011;0.0245;0.07;0.16;1.0;1.0;1.0;1.0;1.0;1.0;1.0;1.0;1.0;1.0;0.0105;0.0075
11-25-2024 22:00;1732572003;0.0065;0.0075;0.0115;0.0285;0.06;0.135;1.0;1.0;1.0;1.0;1.0;1.0;1.0;1.0;1.0;1.0;0.0075;0.0045
11-25-2024 23:00;1732575603;0.0055;0.006;0.0105;0.0215;0.06;0.145;1.0;1.0;1.0;1.0;1.0;1.0;1.0;1.0;1.0;1.0;0.0075;0.0065
11-26-2024 00:00;1732579204;0.0055;0.0065;0.0095;0.028;0.055;0.14;1.0;1.0;1.0;1.0;1.0;1.0;1.0;1.0;1.0;1.0;0.0055;0.0075
11-26-2024 01:00;1732582804;0.0055;0.006;0.009;0.029;0.06;0.135;1.0;1.0;1.0;1.0;1.0;1.0;1.0;1.0;1.0;1.0;0.0075;0.006
11-26-2024 02:00;1732586403;0.0055;0.0065;0.0105;0.0275;0.065;0.14;1.0;1.0;1.0;1.0;1.0;1.0;1.0;1.0;1.0;1.0;0.0055;0.0065
11-26-2024 03:00;1732590004;0.0055;0.0065;0.008;0.0295;0.06;0.125;1.0;1.0;1.0;1.0;1.0;1.0;1.0;1.0;1.0;1.0;0.0075;0.007
11-26-2024 04:00;1732593604;0.006;0.007;0.009;0.03;0.065;0.13;1.0;1.0;1.0;1.0;1.0;1.0;1.0;1.0;1.0;1.0;0.007;0.0065
11-26-2024 05:00;1732597204;0.005;0.006;0.009;0.0305;0.065;0.125;1.0;1.0;1.0;1.0;1.0;1.0;1.0;1.0;1.0;1.0;0.0075;0.0075
11-26-2024 06:00;1732600803;0.0065;0.0055;0.008;0.028;0.06;0.125;1.0;1.0;1.0;1.0;1.0;1.0;1.0;1.0;1.0;1.0;0.0075;0.0085
11-26-2024 07:00;1732604403;0.0065;0.0065;0.008;0.028;0.06;0.125;1.0;1.0;1.0;1.0;1.0;1.0;1.0;1.0;1.0;1.0;0.0085;0.007
11-26-2024 08:00;1732608003;0.0055;0.0065;0.008;0.027;0.065;0.13;1.0;1.0;1.0;1.0;1.0;1.0;1.0;1.0;1.0;1.0;0.0065;0.0065
11-26-2024 09:00;1732611603;0.006;0.006;0.0105;0.024;0.045;0.095;1.0;1.0;1.0;1.0;1.0;1.0;1.0;1.0;1.0;1.0;0.009;0.006
11-26-2024 10:00;1732615203;0.0065;0.006;0.011;0.023;0.045;0.085;1.0;1.0;1.0;1.0;1.0;1.0;1.0;1.0;1.0;1.0;0.0095;0.0065
11-26-2024 11:00;1732618804;0.005;0.007;0.0095;0.021;0.0365;0.075;1.0;1.0;1.0;1.0;1.0;1.0;1.0;1.0;1.0;1.0;0.0115;0.0045
11-26-2024 12:00;1732622404;0.0055;0.006;0.008;0.017;0.0435;0.085;1.0;1.0;1.0;1.0;1.0;1.0;1.0;1.0;1.0;1.0;0.0115;0.0045
11-26-2024 13:00;1732626003;0.005;0.006;0.009;0.0175;0.026;0.09;1.0;1.0;1.0;1.0;1.0;1.0;1.0;1.0;1.0;1.0;0.008;0.0045
11-26-2024 14:00;1732629603;0.005;0.0065;0.0095;0.0185;0.025;0.085;1.0;1.0;1.0;1.0;1.0;1.0;1.0;1.0;1.0;1.0;0.0085;0.0055
11-26-2024 15:00;1732633203;0.005;0.006;0.0085;0.0215;0.041;0.095;1.0;1.0;1.0;1.0;1.0;1.0;1.0;1.0;1.0;1.0;0.0085;0.0055
11-26-2024 16:00;1732636803;0.0045;0.0065;0.0085;0.019;0.0345;0.095;1.0;1.0;1.0;1.0;1.0;1.0;1.0;1.0;1.0;1.0;0.01;0.0055
11-26-2024 17:00;1732640403;0.0055;0.0065;0.0085;0.02;0.0525;0.095;1.0;1.0;1.0;1.0;1.0;1.0;1.0;1.0;1.0;1.0;0.0105;0.0055
11-26-2024 18:00;1732644003;0.005;0.008;0.0105;0.0195;0.0495;0.085;1.0;1.0;1.0;1.0;1.0;1.0;1.0;1.0;1.0;1.0;0.011;0.0055
11-26-2024 19:00;1732647603;0.005;0.0065;0.0095;0.017;0.0235;0.06;1.0;1.0;1.0;1.0;1.0;1.0;1.0;1.0;1.0;1.0;0.01;0.0055
11-26-2024 20:00;1732651203;0.005;0.006;0.0105;0.017;0.0245;0.055;1.0;1.0;1.0;1.0;1.0;1.0;1.0;1.0;1.0;1.0;0.011;0.0055
11-26-2024 21:00;1732654803;0.0045;0.006;0.01;0.0175;0.0265;0.065;1.0;1.0;1.0;1.0;1.0;1.0;1.0;1.0;1.0;1.0;0.011;0.0055
11-26-2024 22:00;1732658403;0.005;0.0065;0.0105;0.016;0.0315;0.07;1.0;1.0;1.0;1.0;1.0;1.0;1.0;1.0;1.0;1.0;0.011;0.0055
11-26-2024 23:00;1732662003;0.0065;0.006;0.0095;0.015;0.026;0.065;1.0;1.0;1.0;1.0;1.0;1.0;1.0;1.0;1.0;1.0;0.011;0.0055
11-27-2024 00:00;1732665603;0.0055;0.006;0.01;0.0145;0.029;0.07;1.0;1.0;1.0;1.0;1.0;1.0;1.0;1.0;1.0;1.0;0.011;0.005
11-27-2024 01:00;1732669203;0.0065;0.0055;0.0095;0.017;0.029;0.07;1.0;1.0;1.0;1.0;1.0;1.0;1.0;1.0;1.0;1.0;0.0075;0.005
11-27-2024 02:00;1732672804;0.0065;0.0055;0.01;0.0165;0.0295;0.07;1.0;1.0;1.0;1.0;1.0;1.0;1.0;1.0;1.0;1.0;0.006;0.005
11-27-2024 03:00;1732676404;0.0055;0.006;0.01;0.015;0.03;0.065;1.0;1.0;1.0;1.0;1.0;1.0;1.0;1.0;1.0;1.0;0.0075;0.0045
11-27-2024 04:00;1732680003;0.0055;0.006;0.01;0.0155;0.0305;0.06;1.0;1.0;1.0;1.0;1.0;1.0;1.0;1.0;1.0;1.0;0.0075;0.005
11-27-2024 05:00;1732683603;0.005;0.0055;0.01;0.015;0.0285;0.06;1.0;1.0;1.0;1.0;1.0;1.0;1.0;1.0;1.0;1.0;0.0075;0.0055
11-27-2024 06:00;1732687203;0.0065;0.005;0.0105;0.015;0.0275;0.055;1.0;1.0;1.0;1.0;1.0;1.0;1.0;1.0;1.0;1.0;0.0075;0.0045
11-27-2024 07:00;1732690803;0.0035;0.0055;0.0095;0.0145;0.028;0.065;1.0;1.0;1.0;1.0;1.0;1.0;1.0;1.0;1.0;1.0;0.008;0.0045
11-27-2024 08:00;1732694404;0.005;0.0055;0.0095;0.012;0.0285;0.075;1.0;1.0;1.0;1.0;1.0;1.0;1.0;1.0;1.0;1.0;0.0065;0.0035
11-27-2024 09:00;1732698003;0.005;0.0055;0.0095;0.013;0.0285;0.075;1.0;1.0;1.0;1.0;1.0;1.0;1.0;1.0;1.0;1.0;0.0065;0.0045
11-27-2024 10:00;1732701603;0.0055;0.0065;0.0095;0.012;0.0285;0.065;1.0;1.0;1.0;1.0;1.0;1.0;1.0;1.0;1.0;1.0;0.0065;0.0045
11-27-2024 11:00;1732705203;0.0055;0.0065;0.0105;0.013;0.027;0.065;1.0;1.0;1.0;1.0;1.0;1.0;1.0;1.0;1.0;1.0;0.0065;0.0035
11-27-2024 12:00;1732708804;0.0055;0.007;0.0105;0.0125;0.026;0.06;1.0;1.0;1.0;1.0;1.0;1.0;1.0;1.0;1.0;1.0;0.0075;0.0035
11-27-2024 13:00;1732712403;0.0055;0.007;0.011;0.0125;0.0235;0.055;1.0;1.0;1.0;1.0;1.0;1.0;1.0;1.0;1.0;1.0;0.0075;0.0035
11-27-2024 14:00;1732716003;0.005;0.0085;0.0095;0.0125;0.0275;0.055;1.0;1.0;1.0;1.0;1.0;1.0;1.0;1.0;1.0;1.0;0.003;0.0035
11-27-2024 15:00;1732719603;0.004;0.0035;0.0105;0.013;0.027;0.065;1.0;1.0;1.0;1.0;1.0;1.0;1.0;1.0;1.0;1.0;0.0035;0.003
11-27-2024 16:00;1732723203;0.005;0.0025;0.0085;0.0115;0.0315;0.085;1.0;1.0;1.0;1.0;1.0;1.0;1.0;1.0;1.0;1.0;0.0035;0.0035
11-27-2024 17:00;1732726803;0.005;0.005;0.009;0.013;0.033;0.095;1.0;1.0;1.0;1.0;1.0;1.0;1.0;1.0;1.0;1.0;0.0035;0.0035
11-27-2024 18:00;1732730403;0.005;0.0045;0.01;0.0125;0.027;0.085;1.0;1.0;1.0;1.0;1.0;1.0;1.0;1.0;1.0;1.0;0.004;0.0045
11-27-2024 19:00;1732734003;0.0045;0.0045;0.0075;0.0115;0.033;0.09;1.0;1.0;1.0;1.0;1.0;1.0;1.0;1.0;1.0;1.0;0.004;0.0035
11-27-2024 20:00;1732737603;0.0045;0.0045;0.0085;0.0115;0.0305;0.095;1.0;1.0;1.0;1.0;1.0;1.0;1.0;1.0;1.0;1.0;0.004;0.0045
11-27-2024 21:00;1732741203;0.0045;0.0045;0.0095;0.013;0.0295;0.1;1.0;1.0;1.0;1.0;1.0;1.0;1.0;1.0;1.0;1.0;0.003;0.0015
11-27-2024 22:00;1732744803;0.0045;0.005;0.0095;0.013;0.028;0.09;1.0;1.0;1.0;1.0;1.0;1.0;1.0;1.0;1.0;1.0;0.0035;0.0025
11-27-2024 23:00;1732748404;0.0045;0.0045;0.0095;0.0145;0.0315;0.105;1.0;1.0;1.0;1.0;1.0;1.0;1.0;1.0;1.0;1.0;0.0035;0.0025
11-28-2024 00:00;1732752003;0.0045;0.0045;0.009;0.014;0.0275;0.095;1.0;1.0;1.0;1.0;1.0;1.0;1.0;1.0;1.0;1.0;0.0065;0.0025
11-28-2024 01:00;1732755603;0.0045;0.0045;0.0075;0.0125;0.0275;0.105;1.0;1.0;1.0;1.0;1.0;1.0;1.0;1.0;1.0;1.0;0.0045;0.002
11-28-2024 02:00;1732759203;0.0045;0.0045;0.0075;0.014;0.0245;0.085;1.0;1.0;1.0;1.0;1.0;1.0;1.0;1.0;1.0;1.0;0.0045;0.002
11-28-2024 03:00;1732762804;0.004;0.0045;0.0075;0.0135;0.024;0.08;1.0;1.0;1.0;1.0;1.0;1.0;1.0;1.0;1.0;1.0;0.0045;0.002
11-28-2024 04:00;1732766403;0.004;0.0045;0.0095;0.0135;0.023;0.07;1.0;1.0;1.0;1.0;1.0;1.0;1.0;1.0;1.0;1.0;0.0045;0.002
11-28-2024 05:00;1732770003;0.005;0.0045;0.008;0.0125;0.0235;0.055;1.0;1.0;1.0;1.0;1.0;1.0;1.0;1.0;1.0;1.0;0.0045;0.0025
11-28-2024 06:00;1732773603;0.0035;0.0045;0.008;0.0125;0.021;0.05;1.0;1.0;1.0;1.0;1.0;1.0;1.0;1.0;1.0;1.0;0.0055;0.0025
11-28-2024 07:00;1732777203;0.0045;0.0035;0.009;0.0105;0.017;0.045;1.0;1.0;1.0;1.0;1.0;1.0;1.0;1.0;1.0;1.0;0.005;0.0025
11-28-2024 08:00;1732780803;0.003;0.0035;0.0085;0.011;0.012;0.045;1.0;1.0;1.0;1.0;1.0;1.0;1.0;1.0;1.0;1.0;0.005;0.0025
11-28-2024 09:00;1732784403;0.0035;0.0045;0.0085;0.0095;0.0105;0.05;1.0;1.0;1.0;1.0;1.0;1.0;1.0;1.0;1.0;1.0;0.005;0.002
11-28-2024 10:00;1732788003;0.0035;0.0045;0.0085;0.01;0.0115;0.045;1.0;1.0;1.0;1.0;1.0;1.0;1.0;1.0;1.0;1.0;0.005;0.002
11-28-2024 11:00;1732791603;0.003;0.005;0.007;0.01;0.0135;0.033;1.0;1.0;1.0;1.0;1.0;1.0;1.0;1.0;1.0;1.0;0.005;0.002
11-28-2024 12:00;1732795203;0.005;0.005;0.0065;0.01;0.02;0.0495;1.0;1.0;1.0;1.0;1.0;1.0;1.0;1.0;1.0;1.0;0.004;0.0035
11-28-2024 13:00;1732798803;0.0055;0.0035;0.007;0.01;0.0225;0.0455;1.0;1.0;1.0;1.0;1.0;1.0;1.0;1.0;1.0;1.0;0.004;0.004
11-28-2024 14:00;1732802403;0.0035;0.003;0.005;0.01;0.015;0.045;1.0;1.0;1.0;1.0;1.0;1.0;1.0;1.0;1.0;1.0;0.004;0.003
11-28-2024 15:00;1732806003;0.0035;0.0065;0.006;0.0095;0.011;0.05;1.0;1.0;1.0;1.0;1.0;1.0;1.0;1.0;1.0;1.0;0.004;0.004
11-28-2024 16:00;1732809603;0.0035;0.0065;0.0045;0.0065;0.023;0.0355;1.0;1.0;1.0;1.0;1.0;1.0;1.0;1.0;1.0;1.0;0.004;0.0035
11-28-2024 17:00;1732813203;0.003;0.0065;0.0045;0.0035;0.0175;0.0355;1.0;1.0;1.0;1.0;1.0;1.0;1.0;1.0;1.0;1.0;0.0045;0.0035
11-28-2024 18:00;1732816803;0.007;0.0065;0.0045;0.0035;0.018;0.0315;1.0;1.0;1.0;1.0;1.0;1.0;1.0;1.0;1.0;1.0;0.0045;0.0035
11-28-2024 19:00;1732820403;0.005;0.0065;0.004;0.0035;0.0205;0.0485;1.0;1.0;1.0;1.0;1.0;1.0;1.0;1.0;1.0;1.0;0.0045;0.0025
11-28-2024 20:00;1732824004;0.004;0.005;0.0045;0.005;0.0145;0.037;1.0;1.0;1.0;1.0;1.0;1.0;1.0;1.0;1.0;1.0;0.004;0.003
11-28-2024 21:00;1732827603;0.005;0.005;0.005;0.005;0.0265;0.0355;1.0;1.0;1.0;1.0;1.0;1.0;1.0;1.0;1.0;1.0;0.004;0.003
11-28-2024 22:00;1732831204;0.005;0.006;0.005;0.006;0.031;0.0355;1.0;1.0;1.0;1.0;1.0;1.0;1.0;1.0;1.0;1.0;0.0035;0.003
11-28-2024 23:00;1732834803;0.005;0.0065;0.0055;0.0025;0.0205;0.0225;1.0;1.0;1.0;1.0;1.0;1.0;1.0;1.0;1.0;1.0;0.0035;0.003
11-29-2024 00:00;1732838404;0.0055;0.0065;0.006;0.0025;0.018;0.028;1.0;1.0;1.0;1.0;1.0;1.0;1.0;1.0;1.0;1.0;0.0035;0.004
11-29-2024 01:00;1732842004;0.0055;0.006;0.006;0.0075;0.018;0.0335;1.0;1.0;1.0;1.0;1.0;1.0;1.0;1.0;1.0;1.0;0.0035;0.004
11-29-2024 02:00;1732845603;0.0065;0.006;0.0055;0.004;0.012;0.038;1.0;1.0;1.0;1.0;1.0;1.0;1.0;1.0;1.0;1.0;0.0035;0.003
11-29-2024 03:00;1732849203;0.0065;0.006;0.006;0.005;0.0115;0.046;1.0;1.0;1.0;1.0;1.0;1.0;1.0;1.0;1.0;1.0;0.0035;0.003
11-29-2024 04:00;1732852803;0.006;0.006;0.005;0.0055;0.0145;0.065;1.0;1.0;1.0;1.0;1.0;1.0;1.0;1.0;1.0;1.0;0.0035;0.003
11-29-2024 05:00;1732856403;0.005;0.005;0.0045;0.0055;0.015;0.0445;1.0;1.0;1.0;1.0;1.0;1.0;1.0;1.0;1.0;1.0;0.0035;0.003
11-29-2024 06:00;1732860003;0.0045;0.0055;0.0045;0.0055;0.016;0.048;1.0;1.0;1.0;1.0;1.0;1.0;1.0;1.0;1.0;1.0;0.0035;0.003
11-29-2024 07:00;1732863603;0.0045;0.005;0.0065;0.005;0.0075;0.043;1.0;1.0;1.0;1.0;1.0;1.0;1.0;1.0;1.0;1.0;0.003;0.003
11-29-2024 08:00;1732867203;0.0035;0.006;0.0075;0.0045;0.0085;0.0315;1.0;1.0;1.0;1.0;1.0;1.0;1.0;1.0;1.0;1.0;0.003;0.003
11-29-2024 09:00;1732870803;0.003;0.009;0.0065;0.004;0.0085;0.0235;1.0;1.0;1.0;1.0;1.0;1.0;1.0;1.0;1.0;1.0;0.003;0.003
11-29-2024 10:00;1732874403;0.0035;0.006;0.008;0.0045;0.0085;0.027;1.0;1.0;1.0;1.0;1.0;1.0;1.0;1.0;1.0;1.0;0.003;0.003
11-29-2024 11:00;1732878003;0.0035;0.007;0.0075;0.005;0.0115;0.038;1.0;1.0;1.0;1.0;1.0;1.0;1.0;1.0;1.0;1.0;0.0025;0.003
11-29-2024 12:00;1732881603;0.0035;0.0035;0.007;0.0055;0.015;0.045;1.0;1.0;1.0;1.0;1.0;1.0;1.0;1.0;1.0;1.0;0.0025;0.0025
11-29-2024 13:00;1732885203;0.0025;0.0025;0.008;0.0045;0.013;0.037;1.0;1.0;1.0;1.0;1.0;1.0;1.0;1.0;1.0;1.0;0.004;0.0025
11-29-2024 14:00;1732888803;0.0025;0.0025;0.0045;0.0045;0.012;0.04;1.0;1.0;1.0;1.0;1.0;1.0;1.0;1.0;1.0;1.0;0.0015;0.0025
11-29-2024 15:00;1732892403;0.0025;0.0025;0.006;0.0115;0.012;0.0455;1.0;1.0;1.0;1.0;1.0;1.0;1.0;1.0;1.0;1.0;0.004;0.0025
11-29-2024 16:00;1732896003;0.0025;0.0025;0.0045;0.011;0.0165;0.0665;1.0;1.0;1.0;1.0;1.0;1.0;1.0;1.0;1.0;1.0;0.0035;0.003
11-29-2024 17:00;1732899603;0.0025;0.0025;0.0045;0.0115;0.014;0.0425;1.0;1.0;1.0;1.0;1.0;1.0;1.0;1.0;1.0;1.0;0.004;0.003
11-29-2024 18:00;1732903203;0.0025;0.0025;0.0035;0.011;0.0085;0.0325;1.0;1.0;1.0;1.0;1.0;1.0;1.0;1.0;1.0;1.0;0.0035;0.003
11-29-2024 19:00;1732906803;0.0025;0.0025;0.004;0.01;0.0145;0.0395;1.0;1.0;1.0;1.0;1.0;1.0;1.0;1.0;1.0;1.0;0.002;0.003
11-29-2024 20:00;1732910403;0.003;0.0035;0.0045;0.0075;0.008;0.033;1.0;1.0;1.0;1.0;1.0;1.0;1.0;1.0;1.0;1.0;0.002;0.0025
11-29-2024 21:00;1732914003;0.0025;0.003;0.0035;0.0065;0.008;0.038;1.0;1.0;1.0;1.0;1.0;1.0;1.0;1.0;1.0;1.0;0.002;0.0015
11-29-2024 22:00;1732917603;0.0015;0.0015;0.0035;0.0075;0.0035;0.0335;1.0;1.0;1.0;1.0;1.0;1.0;1.0;1.0;1.0;1.0;0.002;0.0025
11-29-2024 23:00;1732921203;0.0015;0.002;0.0025;0.0035;0.0055;0.009;1.0;1.0;1.0;1.0;1.0;1.0;1.0;1.0;1.0;1.0;0.0015;0.002
11-30-2024 00:00;1732924803;0.0015;0.002;0.0025;0.0025;0.0035;0.0085;1.0;1.0;1.0;1.0;1.0;1.0;1.0;1.0;1.0;1.0;0.004;0.002
11-30-2024 01:00;1732928403;0.0015;0.0025;0.0075;0.0025;0.004;0.008;1.0;1.0;1.0;1.0;1.0;1.0;1.0;1.0;1.0;1.0;0.004;0.002
11-30-2024 02:00;1732932003;0.0015;0.0015;0.002;0.0025;0.004;0.013;1.0;1.0;1.0;1.0;1.0;1.0;1.0;1.0;1.0;1.0;0.0035;0.002
11-30-2024 03:00;1732935603;0.0015;0.0015;0.002;0.002;0.0075;0.011;1.0;1.0;1.0;1.0;1.0;1.0;1.0;1.0;1.0;1.0;0.004;0.0025
11-30-2024 04:00;1732939203;0.0015;0.0015;0.002;0.002;0.0055;0.009;1.0;1.0;1.0;1.0;1.0;1.0;1.0;1.0;1.0;1.0;0.002;0.002
11-30-2024 05:00;1732942803;0.0015;0.0015;0.0005;0.002;0.0055;0.0075;1.0;1.0;1.0;1.0;1.0;1.0;1.0;1.0;1.0;1.0;0.002;0.002
11-30-2024 06:00;1732946403;0.001;0.0015;0.0005;0.0015;0.0045;0.012;1.0;1.0;1.0;1.0;1.0;1.0;1.0;1.0;1.0;1.0;0.002;0.002
11-30-2024 07:00;1732950003;0.001;0.0015;0.0005;0.0025;0.003;0.0095;1.0;1.0;1.0;1.0;1.0;1.0;1.0;1.0;1.0;1.0;0.002;0.002
11-30-2024 08:00;1732953603;0.001;0.001;0.0005;0.0015;0.0035;0.009;1.0;1.0;1.0;1.0;1.0;1.0;1.0;1.0;1.0;1.0;0.0015;0.0015
11-30-2024 09:00;1732957203;0.0015;0.001;0.0005;0.0015;0.0055;0.0075;1.0;1.0;1.0;1.0;1.0;1.0;1.0;1.0;1.0;1.0;0.0015;0.0015
11-30-2024 10:00;1732960803;0.001;0.001;0.001;0.0015;0.0045;0.0085;1.0;1.0;1.0;1.0;1.0;1.0;1.0;1.0;1.0;1.0;0.0015;0.0015
11-30-2024 11:00;1732964403;0.0015;0.0015;0.0015;0.0015;0.004;0.0075;1.0;1.0;1.0;1.0;1.0;1.0;1.0;1.0;1.0;1.0;0.002;0.0015
11-30-2024 12:00;1732968003;0.0015;0.0005;0.0015;0.0015;0.004;0.0065;1.0;1.0;1.0;1.0;1.0;1.0;1.0;1.0;1.0;1.0;0.0025;0.0015
11-30-2024 13:00;1732971603;0.001;0.001;0.0005;0.0015;0.0035;0.007;1.0;1.0;1.0;1.0;1.0;1.0;1.0;1.0;1.0;1.0;0.0025;0.0015
11-30-2024 14:00;1732975203;0.0015;0.002;0.001;0.0015;0.003;0.0045;1.0;1.0;1.0;1.0;1.0;1.0;1.0;1.0;1.0;1.0;0.002;0.0015
11-30-2024 15:00;1732978803;0.001;0.0015;0.0015;0.0015;0.003;0.004;1.0;1.0;1.0;1.0;1.0;1.0;1.0;1.0;1.0;1.0;0.0025;0.0015
11-30-2024 16:00;1732982404;0.001;0.0005;0.0015;0.0015;0.0045;0.0035;1.0;1.0;1.0;1.0;1.0;1.0;1.0;1.0;1.0;1.0;0.0025;0.002
11-30-2024 17:00;1732986003;0.001;0.0005;0.001;0.0015;0.004;0.003;1.0;1.0;1.0;1.0;1.0;1.0;1.0;1.0;1.0;1.0;0.0025;0.002
11-30-2024 18:00;1732989603;0.001;0.0005;0.001;0.0015;0.0035;0.0045;1.0;1.0;1.0;1.0;1.0;1.0;1.0;1.0;1.0;1.0;0.0025;0.002
11-30-2024 19:00;1732993202;0.001;0.0005;0.001;0.003;0.0025;0.0035;1.0;1.0;1.0;1.0;1.0;1.0;1.0;1.0;1.0;1.0;0.0025;0.002
11-30-2024 20:00;1732996803;0.001;0.001;0.001;0.002;0.0025;0.0045;1.0;1.0;1.0;1.0;1.0;1.0;1.0;1.0;1.0;1.0;0.0025;0.002
11-30-2024 21:00;1733000403;0.001;0.001;0.001;0.002;0.0025;0.0025;1.0;1.0;1.0;1.0;1.0;1.0;1.0;1.0;1.0;1.0;0.0025;0.002
11-30-2024 22:00;1733004003;0.001;0.001;0.001;0.0025;0.0025;0.003;1.0;1.0;1.0;1.0;1.0;1.0;1.0;1.0;1.0;1.0;0.0025;0.002
11-30-2024 23:00;1733007603;0.001;0.0015;0.001;0.0025;0.0025;0.0025;1.0;1.0;1.0;1.0;1.0;1.0;1.0;1.0;1.0;1.0;0.0025;0.0015
12-01-2024 00:00;1733011203;0.0005;0.0005;0.0005;0.0005;0.001;0.0005;1.0;1.0;1.0;1.0;1.0;1.0;1.0;1.0;1.0;1.0;0.0005;0.001
12-01-2024 01:00;1733014803;0.0005;0.0005;0.0005;0.0005;0.001;0.0005;1.0;1.0;1.0;1.0;1.0;1.0;1.0;1.0;1.0;1.0;0.0005;0.0005
12-01-2024 02:00;1733018404;0.001;0.0005;0.001;0.0005;0.0015;0.0005;1.0;1.0;1.0;1.0;1.0;1.0;1.0;1.0;1.0;1.0;0.0015;0.0015
12-01-2024 03:00;1733022003;0.001;0.0005;0.0005;0.0005;0.001;0.0005;1.0;1.0;1.0;1.0;1.0;1.0;1.0;1.0;1.0;1.0;0.0015;0.0015
12-01-2024 04:00;1733025603;0.001;0.0005;0.0005;0.002;0.001;0.0005;1.0;1.0;1.0;1.0;1.0;1.0;1.0;1.0;1.0;1.0;0.0005;0.0015
12-01-2024 05:00;1733029203;0.0005;0.0005;0.0005;0.0005;0.001;0.0005;1.0;1.0;1.0;1.0;1.0;1.0;1.0;1.0;1.0;1.0;0.002;0.0005
12-01-2024 06:00;1733032803;0.0005;0.0005;0.0005;0.0005;0.0005;0.0005;1.0;1.0;1.0;1.0;1.0;1.0;1.0;1.0;1.0;1.0;0.0005;0.0005
12-01-2024 07:00;1733036403;0.0005;0.0005;0.0005;0.0005;0.0005;0.0005;1.0;1.0;1.0;1.0;1.0;1.0;1.0;1.0;1.0;1.0;0.0005;0.0005
